,CustomerId,Date
0,16539485,2019-01-01
1,16449941,2019-01-01
2,16707831,2019-01-02
3,16022402,2019-01-02
4,16636243,2019-01-02
5,16506621,2019-01-03
6,16886310,2019-01-04
7,16479734,2019-01-04
8,16207989,2019-01-05
9,16457079,2019-01-05
10,16376774,2019-01-05
11,16266323,2019-01-05
12,16381301,2019-01-06
13,16070829,2019-01-06
14,16938804,2019-01-06
15,16799452,2019-01-06
16,16242156,2019-01-07
17,16226691,2019-01-07
18,16216709,2019-01-07
19,16331009,2019-01-07
20,16979483,2019-01-07
21,16331693,2019-01-08
22,16727945,2019-01-08
23,16646755,2019-01-09
24,16377590,2019-01-09
25,16341164,2019-01-09
26,16233799,2019-01-09
27,16108089,2019-01-09
28,16948869,2019-01-10
29,16408835,2019-01-10
30,16643008,2019-01-10
31,16477123,2019-01-10
32,16379763,2019-01-11
33,16372491,2019-01-11
34,16335932,2019-01-11
35,16923170,2019-01-11
36,16335904,2019-01-12
37,16813864,2019-01-12
38,16048613,2019-01-12
39,16138644,2019-01-12
40,16296655,2019-01-12
41,16838206,2019-01-12
42,16504090,2019-01-13
43,16512444,2019-01-13
44,16840558,2019-01-13
45,16431512,2019-01-13
46,16032807,2019-01-13
47,16173292,2019-01-14
48,16911568,2019-01-15
49,16040388,2019-01-17
50,16644748,2019-01-18
51,16337528,2019-01-19
52,16945514,2019-01-19
53,16358894,2019-01-19
54,16759621,2019-01-19
55,16774954,2019-01-20
56,16608495,2019-01-20
57,16976096,2019-01-20
58,16591712,2019-01-20
59,16645663,2019-01-21
60,16039286,2019-01-21
61,16821276,2019-01-21
62,16079465,2019-01-22
63,16125370,2019-01-23
64,16005534,2019-01-23
65,16285545,2019-01-23
66,16412906,2019-01-24
67,16412600,2019-01-26
68,16164167,2019-01-26
69,16531068,2019-01-26
70,16369394,2019-01-26
71,16740009,2019-01-27
72,16978049,2019-01-29
73,16968977,2019-01-29
74,16721265,2019-01-30
75,16669167,2019-01-30
76,16181883,2019-01-31
77,16853821,2019-01-31
78,16290512,2019-01-31
79,16914023,2019-02-01
80,16245769,2019-02-01
81,16071290,2019-02-02
82,16718649,2019-02-02
83,16557835,2019-02-02
84,16046307,2019-02-02
85,16263757,2019-02-03
86,16640545,2019-02-03
87,16407226,2019-02-03
88,16976902,2019-02-03
89,16767965,2019-02-05
90,16828096,2019-02-05
91,16740928,2019-02-05
92,16007277,2019-02-05
93,16728322,2019-02-06
94,16082256,2019-02-06
95,16737099,2019-02-06
96,16557538,2019-02-06
97,16410995,2019-02-06
98,16628277,2019-02-06
99,16075377,2019-02-07
100,16130137,2019-02-07
101,16532183,2019-02-07
102,16593751,2019-02-08
103,16582514,2019-02-08
104,16929859,2019-02-08
105,16245612,2019-02-08
106,16643955,2019-02-10
107,16399854,2019-02-10
108,16529082,2019-02-10
109,16942873,2019-02-10
110,16535794,2019-02-10
111,16658101,2019-02-10
112,16090661,2019-02-10
113,16582892,2019-02-11
114,16887808,2019-02-12
115,16295735,2019-02-13
116,16367108,2019-02-13
117,16572538,2019-02-14
118,16582235,2019-02-15
119,16070928,2019-02-15
120,16935270,2019-02-15
121,15750476,2019-02-16
122,16619884,2019-02-16
123,16115954,2019-02-16
124,16128981,2019-02-16
125,16389924,2019-02-16
126,16241861,2019-02-17
127,16948885,2019-02-17
128,16430383,2019-02-17
129,16102852,2019-02-18
130,16116565,2019-02-18
131,16197494,2019-02-18
132,16458822,2019-02-20
133,16253489,2019-02-20
134,16065557,2019-02-20
135,16986987,2019-02-21
136,16048419,2019-02-21
137,16859135,2019-02-22
138,16283664,2019-02-22
139,16799617,2019-02-22
140,16657417,2019-02-22
141,16596972,2019-02-22
142,16632652,2019-02-23
143,16710586,2019-02-23
144,16311926,2019-02-24
145,16982590,2019-02-24
146,16525752,2019-02-25
147,16045374,2019-02-25
148,16506756,2019-02-26
149,16324865,2019-02-26
150,16095242,2019-02-27
151,16256501,2019-02-27
152,16698089,2019-02-28
153,15683618,2019-03-01
154,16289425,2019-03-01
155,16804290,2019-03-02
156,16136331,2019-03-02
157,16654175,2019-03-03
158,16814443,2019-03-03
159,16623399,2019-03-04
160,16068477,2019-03-04
161,16951275,2019-03-04
162,16383865,2019-03-06
163,16607177,2019-03-06
164,16740361,2019-03-07
165,16717063,2019-03-07
166,16169828,2019-03-07
167,16605782,2019-03-08
168,16384704,2019-03-09
169,16448662,2019-03-09
170,16341558,2019-03-10
171,16437052,2019-03-10
172,16223489,2019-03-11
173,16401632,2019-03-11
174,16906868,2019-03-11
175,16872045,2019-03-12
176,16284764,2019-03-12
177,16689106,2019-03-13
178,16205154,2019-03-13
179,16706166,2019-03-14
180,16103001,2019-03-14
181,16728562,2019-03-14
182,16013068,2019-03-15
183,16061116,2019-03-15
184,16297674,2019-03-16
185,16813433,2019-03-16
186,16236096,2019-03-16
187,16970899,2019-03-16
188,16328914,2019-03-16
189,16808089,2019-03-16
190,16664401,2019-03-17
191,16646248,2019-03-17
192,16626126,2019-03-18
193,16824902,2019-03-18
194,16801589,2019-03-18
195,16848791,2019-03-18
196,16025491,2019-03-19
197,16332636,2019-03-19
198,16004635,2019-03-19
199,16622791,2019-03-19
200,16885821,2019-03-20
201,16398121,2019-03-20
202,16804016,2019-03-21
203,16041623,2019-03-22
204,16779379,2019-03-22
205,16303108,2019-03-22
206,16734573,2019-03-24
207,16366518,2019-03-24
208,16627556,2019-03-25
209,16369948,2019-03-27
210,16726528,2019-03-27
211,16105069,2019-03-27
212,16721699,2019-03-27
213,16037446,2019-03-28
214,16972341,2019-03-28
215,16292252,2019-03-28
216,16024748,2019-03-29
217,16681918,2019-03-29
218,16749747,2019-03-29
219,16224729,2019-03-29
220,16976507,2019-03-30
221,16081915,2019-03-30
222,16930590,2019-03-30
223,16145308,2019-03-30
224,16315326,2019-03-31
225,16275224,2019-03-31
226,16609126,2019-04-02
227,16505396,2019-04-03
228,16140414,2019-04-03
229,16585007,2019-04-03
230,16166263,2019-04-03
231,16722774,2019-04-03
232,16821447,2019-04-04
233,16319364,2019-04-05
234,16677628,2019-04-06
235,16366823,2019-04-06
236,16393144,2019-04-07
237,16355063,2019-04-08
238,16355015,2019-04-08
239,16273597,2019-04-08
240,16313170,2019-04-10
241,16861743,2019-04-10
242,16618699,2019-04-11
243,16955006,2019-04-11
244,16395089,2019-04-12
245,16921018,2019-04-12
246,16447092,2019-04-12
247,16942179,2019-04-13
248,16397685,2019-04-15
249,16251502,2019-04-15
250,16951703,2019-04-15
251,16320978,2019-04-16
252,16954541,2019-04-16
253,16662437,2019-04-16
254,16119906,2019-04-17
255,16217200,2019-04-17
256,15658169,2019-04-18
257,16722111,2019-04-19
258,16144269,2019-04-19
259,16398506,2019-04-20
260,16981272,2019-04-22
261,16539663,2019-04-22
262,16819848,2019-04-22
263,16385618,2019-04-23
264,16183664,2019-04-23
265,16225480,2019-04-23
266,16006391,2019-04-24
267,16349682,2019-04-24
268,16292698,2019-04-25
269,16515768,2019-04-25
270,16427137,2019-04-25
271,16265095,2019-04-26
272,16217614,2019-04-26
273,16125717,2019-04-26
274,16595186,2019-04-26
275,16091019,2019-04-27
276,16188908,2019-04-27
277,16764252,2019-04-27
278,16825816,2019-04-29
279,16592852,2019-04-29
280,16675143,2019-04-30
281,16818413,2019-05-01
282,16988810,2019-05-01
283,16961785,2019-05-01
284,16860904,2019-05-02
285,16743881,2019-05-02
286,16173074,2019-05-02
287,16264920,2019-05-02
288,16290177,2019-05-04
289,16006097,2019-05-04
290,16795185,2019-05-05
291,16509859,2019-05-05
292,16251628,2019-05-06
293,16720189,2019-05-08
294,16976655,2019-05-08
295,16987735,2019-05-08
296,16804247,2019-05-09
297,16678507,2019-05-09
298,16618407,2019-05-10
299,15809248,2019-05-11
300,16332259,2019-05-11
301,16825732,2019-05-12
302,16155114,2019-05-13
303,16885543,2019-05-13
304,16411165,2019-05-15
305,15662626,2019-05-15
306,16077822,2019-05-15
307,16628131,2019-05-16
308,16440460,2019-05-16
309,16757357,2019-05-16
310,16167809,2019-05-16
311,16407083,2019-05-18
312,16506214,2019-05-18
313,16638947,2019-05-19
314,16593259,2019-05-19
315,16567918,2019-05-19
316,16320517,2019-05-21
317,16231702,2019-05-21
318,16620825,2019-05-22
319,16243902,2019-05-23
320,16515861,2019-05-23
321,16699379,2019-05-23
322,16663183,2019-05-23
323,16929243,2019-05-24
324,16117214,2019-05-24
325,16966495,2019-05-24
326,16447714,2019-05-24
327,16741372,2019-05-25
328,16664993,2019-05-25
329,16417318,2019-05-25
330,16918353,2019-05-25
331,16187905,2019-05-26
332,16572780,2019-05-27
333,15643523,2019-05-28
334,16710532,2019-05-28
335,15708048,2019-05-28
336,16354025,2019-05-28
337,16958998,2019-05-29
338,16380162,2019-05-29
339,16159613,2019-05-29
340,16087299,2019-05-29
341,16881299,2019-05-30
342,16555242,2019-05-31
343,16357507,2019-05-31
344,16715303,2019-05-31
345,16967941,2019-06-02
346,16695604,2019-06-02
347,16457316,2019-06-03
348,16557348,2019-06-03
349,16678785,2019-06-03
350,16459990,2019-06-04
351,16126150,2019-06-05
352,16184091,2019-06-06
353,16289105,2019-06-07
354,16233210,2019-06-08
355,16441004,2019-06-08
356,16958674,2019-06-09
357,16228507,2019-06-09
358,16329595,2019-06-10
359,16724230,2019-06-11
360,16871417,2019-06-11
361,16157476,2019-06-12
362,16157715,2019-06-13
363,16276923,2019-06-13
364,16353359,2019-06-13
365,16968105,2019-06-14
366,16147027,2019-06-15
367,15657228,2019-06-16
368,16095970,2019-06-16
369,16804374,2019-06-16
370,16934922,2019-06-17
371,16587439,2019-06-17
372,16978245,2019-06-18
373,16728866,2019-06-18
374,16547103,2019-06-19
375,16563562,2019-06-19
376,16686565,2019-06-19
377,16763425,2019-06-19
378,16537465,2019-06-20
379,16329837,2019-06-20
380,16560878,2019-06-20
381,16522753,2019-06-21
382,16447742,2019-06-22
383,16620970,2019-06-22
384,16350929,2019-06-22
385,16350368,2019-06-22
386,16915491,2019-06-22
387,16843516,2019-06-22
388,16185872,2019-06-23
389,16425119,2019-06-23
390,16298960,2019-06-23
391,16998488,2019-06-24
392,16469142,2019-06-24
393,16275097,2019-06-25
394,16428006,2019-06-25
395,16480034,2019-06-25
396,16225890,2019-06-25
397,16490189,2019-06-27
398,16999315,2019-06-28
399,16475049,2019-06-29
400,16780953,2019-06-29
401,16686850,2019-06-30
402,16296590,2019-06-30
403,16222816,2019-07-01
404,16947641,2019-07-01
405,16209377,2019-07-01
406,16695084,2019-07-01
407,16944106,2019-07-01
408,16816806,2019-07-02
409,16910286,2019-07-03
410,16869365,2019-07-04
411,16399829,2019-07-05
412,16593422,2019-07-06
413,16709515,2019-07-06
414,16703829,2019-07-07
415,16311206,2019-07-07
416,15800116,2019-07-07
417,16283173,2019-07-07
418,16713796,2019-07-07
419,16364865,2019-07-08
420,16723441,2019-07-08
421,16178539,2019-07-09
422,16347108,2019-07-09
423,16370637,2019-07-10
424,16470025,2019-07-10
425,16846245,2019-07-12
426,16209588,2019-07-12
427,16323830,2019-07-13
428,16165063,2019-07-14
429,16275242,2019-07-14
430,16824979,2019-07-14
431,16034214,2019-07-15
432,16971365,2019-07-15
433,15669782,2019-07-16
434,16368639,2019-07-16
435,16636862,2019-07-16
436,16850270,2019-07-16
437,16484097,2019-07-17
438,16248890,2019-07-18
439,16581597,2019-07-18
440,16815276,2019-07-18
441,16796337,2019-07-19
442,16911233,2019-07-19
443,16223613,2019-07-19
444,16036362,2019-07-19
445,16656582,2019-07-20
446,16405245,2019-07-20
447,16021380,2019-07-20
448,15755863,2019-07-20
449,16274362,2019-07-22
450,16411452,2019-07-23
451,16655483,2019-07-23
452,16378748,2019-07-24
453,16536435,2019-07-24
454,16103806,2019-07-24
455,16869654,2019-07-25
456,16249183,2019-07-25
457,16323951,2019-07-25
458,16567128,2019-07-26
459,16373339,2019-07-28
460,16520883,2019-07-28
461,16405609,2019-07-28
462,16543203,2019-07-28
463,16163448,2019-07-29
464,16077719,2019-07-29
465,16935294,2019-07-29
466,16038906,2019-07-29
467,16822439,2019-07-29
468,16285905,2019-07-30
469,16302563,2019-07-30
470,16311237,2019-07-30
471,16023851,2019-07-31
472,16688802,2019-08-01
473,16829631,2019-08-03
474,16843062,2019-08-03
475,16990603,2019-08-03
476,16395213,2019-08-04
477,16262769,2019-08-04
478,15622017,2019-08-04
479,16058167,2019-08-05
480,16789189,2019-08-05
481,16080252,2019-08-05
482,16861107,2019-08-07
483,16208415,2019-08-08
484,16481496,2019-08-08
485,16775685,2019-08-08
486,16629183,2019-08-09
487,16320264,2019-08-09
488,16799904,2019-08-09
489,16232938,2019-08-10
490,15777893,2019-08-10
491,16515148,2019-08-10
492,16441983,2019-08-11
493,16890832,2019-08-12
494,16834362,2019-08-12
495,16133118,2019-08-12
496,16066750,2019-08-13
497,16308440,2019-08-13
498,15807305,2019-08-14
499,16516494,2019-08-14
500,16362104,2019-08-14
501,16000793,2019-08-14
502,16422240,2019-08-14
503,16509803,2019-08-15
504,16789585,2019-08-15
505,16913502,2019-08-16
506,16092436,2019-08-17
507,16573029,2019-08-18
508,16825284,2019-08-18
509,16077303,2019-08-19
510,16484446,2019-08-19
511,16414831,2019-08-19
512,16738833,2019-08-19
513,16572115,2019-08-19
514,16814789,2019-08-20
515,16448707,2019-08-20
516,16130722,2019-08-21
517,16897151,2019-08-22
518,16258945,2019-08-23
519,16181625,2019-08-23
520,16308065,2019-08-24
521,16170958,2019-08-25
522,16255325,2019-08-26
523,16436644,2019-08-26
524,16099100,2019-08-26
525,16949713,2019-08-27
526,16663201,2019-08-27
527,16159694,2019-08-27
528,16305894,2019-08-28
529,16372372,2019-08-28
530,16429190,2019-08-28
531,16743647,2019-08-29
532,16635672,2019-08-29
533,16497018,2019-08-29
534,16857726,2019-08-29
535,16193466,2019-08-30
536,16944377,2019-08-30
537,16323653,2019-08-31
538,16120501,2019-08-31
539,16149548,2019-08-31
540,16664380,2019-09-01
541,16816457,2019-09-01
542,16516888,2019-09-01
543,16307337,2019-09-01
544,16483253,2019-09-02
545,16244169,2019-09-02
546,16150477,2019-09-03
547,16706099,2019-09-03
548,16004624,2019-09-03
549,15645045,2019-09-04
550,16997940,2019-09-05
551,16956677,2019-09-06
552,16775174,2019-09-06
553,16528564,2019-09-07
554,16973022,2019-09-07
555,16265162,2019-09-08
556,16329349,2019-09-09
557,16765873,2019-09-09
558,16260365,2019-09-09
559,16000720,2019-09-10
560,16802800,2019-09-10
561,16834935,2019-09-10
562,16001988,2019-09-10
563,16156979,2019-09-11
564,16182104,2019-09-11
565,16138319,2019-09-12
566,16903473,2019-09-13
567,16654571,2019-09-14
568,16752620,2019-09-14
569,16877994,2019-09-15
570,16042938,2019-09-16
571,16744458,2019-09-16
572,16106081,2019-09-16
573,16339737,2019-09-17
574,16508538,2019-09-18
575,16072207,2019-09-19
576,16926822,2019-09-21
577,16603063,2019-09-21
578,16172521,2019-09-21
579,16494511,2019-09-22
580,16706159,2019-09-22
581,16379243,2019-09-22
582,16020602,2019-09-22
583,16804561,2019-09-22
584,16522728,2019-09-23
585,16921378,2019-09-23
586,16672265,2019-09-25
587,16472575,2019-09-25
588,16159037,2019-09-26
589,16659412,2019-09-26
590,16824962,2019-09-26
591,15636820,2019-09-26
592,16623394,2019-09-27
593,16582484,2019-09-27
594,16630507,2019-09-28
595,16621290,2019-09-28
596,16424402,2019-09-28
597,16355027,2019-09-29
598,16235261,2019-09-30
599,16261048,2019-09-30
600,16301855,2019-09-30
601,16342318,2019-10-01
602,16089711,2019-10-01
603,16298305,2019-10-02
604,16178617,2019-10-02
605,16639930,2019-10-02
606,16648776,2019-10-02
607,16975660,2019-10-03
608,16345056,2019-10-04
609,16623113,2019-10-04
610,16315374,2019-10-05
611,15637169,2019-10-05
612,16137414,2019-10-05
613,16104621,2019-10-05
614,16200159,2019-10-07
615,16614104,2019-10-08
616,16328647,2019-10-08
617,16076815,2019-10-08
618,16725952,2019-10-09
619,16147261,2019-10-09
620,15812513,2019-10-09
621,16574268,2019-10-10
622,16419951,2019-10-10
623,16257695,2019-10-11
624,16886774,2019-10-11
625,16115107,2019-10-11
626,16798236,2019-10-12
627,16963341,2019-10-12
628,16713229,2019-10-12
629,15600734,2019-10-13
630,16154557,2019-10-13
631,16097784,2019-10-14
632,16448155,2019-10-14
633,16867333,2019-10-14
634,16193551,2019-10-15
635,16042174,2019-10-15
636,16345192,2019-10-15
637,16365999,2019-10-16
638,16878956,2019-10-16
639,16831009,2019-10-16
640,16794574,2019-10-16
641,16566981,2019-10-18
642,16668945,2019-10-19
643,16367059,2019-10-19
644,16616459,2019-10-19
645,16442037,2019-10-19
646,16414536,2019-10-19
647,16673434,2019-10-19
648,16531310,2019-10-20
649,16801835,2019-10-21
650,16611077,2019-10-21
651,16436186,2019-10-21
652,16109296,2019-10-23
653,16462750,2019-10-23
654,16316118,2019-10-26
655,16811574,2019-10-26
656,16753671,2019-10-27
657,16824885,2019-10-28
658,16888183,2019-10-28
659,16498190,2019-10-29
660,16365867,2019-10-29
661,16509604,2019-10-29
662,16329878,2019-10-29
663,16731045,2019-10-30
664,16937788,2019-10-30
665,16706851,2019-10-30
666,16432906,2019-10-31
667,16870144,2019-11-01
668,16275619,2019-11-01
669,16071923,2019-11-01
670,16046063,2019-11-01
671,16422871,2019-11-01
672,16064213,2019-11-01
673,15692132,2019-11-02
674,16346859,2019-11-02
675,16825813,2019-11-02
676,16595894,2019-11-02
677,16612434,2019-11-03
678,16264231,2019-11-03
679,16413575,2019-11-03
680,16296487,2019-11-03
681,16079255,2019-11-04
682,16994128,2019-11-04
683,16504158,2019-11-04
684,16461881,2019-11-05
685,16452419,2019-11-05
686,16278593,2019-11-05
687,16455496,2019-11-05
688,16896372,2019-11-05
689,16104192,2019-11-06
690,16942286,2019-11-07
691,16415283,2019-11-07
692,16492652,2019-11-07
693,16225234,2019-11-08
694,16261520,2019-11-09
695,16620782,2019-11-09
696,16959267,2019-11-10
697,16855105,2019-11-10
698,16688430,2019-11-11
699,16556494,2019-11-11
700,16934741,2019-11-11
701,16117210,2019-11-11
702,16738672,2019-11-12
703,16589815,2019-11-12
704,16087033,2019-11-12
705,16952222,2019-11-12
706,16896742,2019-11-13
707,16464498,2019-11-14
708,16668271,2019-11-14
709,16010696,2019-11-14
710,16904416,2019-11-15
711,16184723,2019-11-16
712,16557500,2019-11-16
713,16315480,2019-11-16
714,16023952,2019-11-16
715,15720583,2019-11-17
716,16383283,2019-11-17
717,16796082,2019-11-17
718,16205378,2019-11-17
719,16583980,2019-11-17
720,16498047,2019-11-17
721,16338194,2019-11-18
722,16783627,2019-11-18
723,16809699,2019-11-20
724,16635124,2019-11-20
725,16545372,2019-11-20
726,16288847,2019-11-20
727,16145513,2019-11-20
728,16987755,2019-11-20
729,16567612,2019-11-21
730,16645348,2019-11-21
731,16104366,2019-11-21
732,16898325,2019-11-22
733,16753043,2019-11-22
734,16438774,2019-11-22
735,16099757,2019-11-22
736,16155175,2019-11-24
737,16616636,2019-11-24
738,16645150,2019-11-24
739,16637520,2019-11-24
740,16273668,2019-11-25
741,16851026,2019-11-25
742,16368435,2019-11-26
743,16132290,2019-11-26
744,16468314,2019-11-26
745,16051130,2019-11-26
746,16519087,2019-11-26
747,16205441,2019-11-27
748,16856275,2019-11-27
749,16562644,2019-11-27
750,16292167,2019-11-27
751,16004447,2019-11-28
752,16410052,2019-11-28
753,16243310,2019-11-28
754,16218788,2019-11-29
755,16576205,2019-11-29
756,16743009,2019-11-29
757,16929236,2019-11-30
758,16309269,2019-11-30
759,16994257,2019-11-30
760,16069871,2019-12-01
761,16382814,2019-12-01
762,16091669,2019-12-01
763,16982286,2019-12-01
764,16270458,2019-12-02
765,16329477,2019-12-02
766,16983843,2019-12-02
767,16584456,2019-12-03
768,16267510,2019-12-03
769,16240506,2019-12-03
770,15632899,2019-12-04
771,16569327,2019-12-05
772,16185416,2019-12-06
773,16451811,2019-12-07
774,16058415,2019-12-07
775,16256934,2019-12-07
776,16735842,2019-12-07
777,16268405,2019-12-07
778,16998770,2019-12-08
779,16400527,2019-12-08
780,16159223,2019-12-08
781,16664613,2019-12-08
782,16047961,2019-12-09
783,16730708,2019-12-10
784,16653719,2019-12-10
785,16331304,2019-12-10
786,16085431,2019-12-10
787,16600283,2019-12-11
788,16392754,2019-12-11
789,16429450,2019-12-11
790,16950364,2019-12-12
791,16865215,2019-12-12
792,16923084,2019-12-13
793,16945707,2019-12-14
794,16184756,2019-12-14
795,16131317,2019-12-15
796,16112098,2019-12-16
797,16178954,2019-12-16
798,16586762,2019-12-16
799,16734648,2019-12-16
800,16571167,2019-12-17
801,16316067,2019-12-19
802,16885421,2019-12-19
803,16998510,2019-12-20
804,16092116,2019-12-20
805,16753333,2019-12-21
806,16872701,2019-12-21
807,16622613,2019-12-21
808,16978005,2019-12-22
809,16106083,2019-12-22
810,16681253,2019-12-22
811,16036389,2019-12-22
812,16054206,2019-12-23
813,16057831,2019-12-23
814,16567414,2019-12-23
815,16518617,2019-12-24
816,16446780,2019-12-24
817,16176769,2019-12-24
818,16742208,2019-12-24
819,16601166,2019-12-24
820,16430881,2019-12-24
821,16421981,2019-12-24
822,16751646,2019-12-25
823,16879425,2019-12-25
824,16419222,2019-12-25
825,16986850,2019-12-26
826,16722236,2019-12-27
827,16506961,2019-12-27
828,16104224,2019-12-27
829,16040786,2019-12-28
830,16876284,2019-12-29
831,16746210,2019-12-30
832,16598363,2019-12-30
833,16257616,2019-12-30
834,16358666,2019-12-30
835,16197165,2019-12-30
836,16731796,2019-12-30
837,16892101,2019-12-31
838,16723969,2019-12-31
839,16823151,2020-01-01
840,16996570,2020-01-01
841,16842208,2020-01-02
842,16525527,2020-01-02
843,15722599,2020-01-02
844,16371332,2020-01-03
845,16008166,2020-01-03
846,16498948,2020-01-05
847,16675320,2020-01-06
848,16587722,2020-01-06
849,16946008,2020-01-06
850,16199425,2020-01-06
851,16277139,2020-01-06
852,16471930,2020-01-06
853,16378774,2020-01-07
854,16250253,2020-01-07
855,16723236,2020-01-08
856,16678524,2020-01-08
857,16091947,2020-01-09
858,16826555,2020-01-10
859,16811205,2020-01-10
860,16882072,2020-01-10
861,16833749,2020-01-10
862,16428688,2020-01-12
863,16644424,2020-01-12
864,16289050,2020-01-13
865,16505004,2020-01-14
866,16573136,2020-01-14
867,16691952,2020-01-14
868,16520509,2020-01-15
869,16276733,2020-01-15
870,16794957,2020-01-16
871,16160328,2020-01-17
872,16580755,2020-01-17
873,16416759,2020-01-18
874,16231048,2020-01-20
875,16299666,2020-01-21
876,16173715,2020-01-21
877,16899157,2020-01-21
878,16526660,2020-01-22
879,16868474,2020-01-23
880,16340153,2020-01-23
881,16442785,2020-01-24
882,15627697,2020-01-25
883,16049568,2020-01-26
884,16370093,2020-01-27
885,16861206,2020-01-28
886,16305711,2020-01-28
887,16777889,2020-01-28
888,16014767,2020-01-28
889,16219512,2020-01-28
890,15768293,2020-01-29
891,16694709,2020-01-29
892,16453924,2020-01-30
893,16634194,2020-01-30
894,16478010,2020-01-30
895,16046488,2020-01-30
896,16858625,2020-01-30
897,16466589,2020-01-30
898,16678188,2020-01-30
899,16701507,2020-01-31
900,16623729,2020-01-31
901,16249475,2020-02-01
902,16133824,2020-02-01
903,16239376,2020-02-01
904,16202276,2020-02-02
905,16395176,2020-02-03
906,16669692,2020-02-03
907,16623455,2020-02-03
908,16305787,2020-02-04
909,16182016,2020-02-05
910,16030447,2020-02-05
911,16385331,2020-02-05
912,16389473,2020-02-05
913,16897099,2020-02-05
914,16847312,2020-02-06
915,16937514,2020-02-06
916,16937437,2020-02-07
917,16159887,2020-02-07
918,16967235,2020-02-07
919,16440516,2020-02-08
920,15664881,2020-02-08
921,16308641,2020-02-08
922,16598163,2020-02-08
923,16707991,2020-02-09
924,16288696,2020-02-09
925,16712491,2020-02-10
926,16433897,2020-02-10
927,16668369,2020-02-10
928,16197730,2020-02-10
929,16562208,2020-02-11
930,16614913,2020-02-11
931,16390564,2020-02-11
932,15684294,2020-02-11
933,16723879,2020-02-11
934,16697397,2020-02-12
935,16171559,2020-02-12
936,16057003,2020-02-13
937,16651984,2020-02-14
938,16733981,2020-02-15
939,16565248,2020-02-15
940,16565867,2020-02-16
941,16364548,2020-02-16
942,16807849,2020-02-16
943,15682928,2020-02-17
944,16356142,2020-02-17
945,16008087,2020-02-17
946,16261409,2020-02-18
947,16940240,2020-02-19
948,16902205,2020-02-19
949,16805824,2020-02-19
950,16718436,2020-02-19
951,16824542,2020-02-21
952,16143776,2020-02-21
953,16122576,2020-02-21
954,16802386,2020-02-22
955,16872511,2020-02-23
956,16145165,2020-02-24
957,16075481,2020-02-24
958,16214586,2020-02-24
959,16101668,2020-02-24
960,16011474,2020-02-24
961,16353519,2020-02-25
962,16576737,2020-02-25
963,16649218,2020-02-25
964,16350950,2020-02-26
965,16752500,2020-02-26
966,16069536,2020-02-27
967,16322087,2020-02-27
968,16178693,2020-02-28
969,16826595,2020-02-28
970,16599790,2020-02-28
971,16207702,2020-02-28
972,15815560,2020-02-28
973,16087885,2020-02-28
974,16975300,2020-02-29
975,16916962,2020-03-01
976,16551749,2020-03-02
977,16246525,2020-03-02
978,16186937,2020-03-03
979,16079753,2020-03-03
980,16344095,2020-03-03
981,16356375,2020-03-03
982,16895839,2020-03-04
983,16724020,2020-03-04
984,16765966,2020-03-04
985,16362441,2020-03-06
986,16661666,2020-03-06
987,16117276,2020-03-08
988,16015228,2020-03-08
989,16885615,2020-03-08
990,16479145,2020-03-08
991,16037817,2020-03-09
992,16701537,2020-03-09
993,16352007,2020-03-09
994,16825976,2020-03-11
995,16189308,2020-03-11
996,16229060,2020-03-11
997,16852534,2020-03-12
998,16010357,2020-03-12
999,16574577,2020-03-13
1000,16515881,2020-03-13
1001,16561352,2020-03-14
1002,16955315,2020-03-14
1003,16170404,2020-03-14
1004,16055749,2020-03-14
1005,16445842,2020-03-15
1006,16965955,2020-03-15
1007,16082095,2020-03-15
1008,16684319,2020-03-16
1009,16115081,2020-03-17
1010,16305314,2020-03-17
1011,16849280,2020-03-17
1012,16455767,2020-03-19
1013,16536941,2020-03-19
1014,15612455,2020-03-20
1015,16271004,2020-03-20
1016,16684059,2020-03-20
1017,16320117,2020-03-20
1018,16253953,2020-03-22
1019,16224997,2020-03-23
1020,16003499,2020-03-23
1021,16071527,2020-03-23
1022,16457894,2020-03-24
1023,16022912,2020-03-25
1024,16505692,2020-03-25
1025,16093398,2020-03-25
1026,16205443,2020-03-25
1027,16647516,2020-03-26
1028,16478288,2020-03-26
1029,16840240,2020-03-26
1030,16415323,2020-03-26
1031,16930068,2020-03-27
1032,15711733,2020-03-27
1033,16199794,2020-03-27
1034,16617130,2020-03-28
1035,16428452,2020-03-28
1036,16163331,2020-03-29
1037,16600768,2020-03-30
1038,16705076,2020-03-30
1039,16583780,2020-03-31
1040,16534012,2020-04-01
1041,16190789,2020-04-01
1042,16102958,2020-04-01
1043,16288504,2020-04-02
1044,16186259,2020-04-02
1045,16468275,2020-04-02
1046,16408339,2020-04-03
1047,16670358,2020-04-03
1048,16115705,2020-04-05
1049,16199707,2020-04-06
1050,16653633,2020-04-06
1051,16286665,2020-04-06
1052,16887417,2020-04-06
1053,16689858,2020-04-07
1054,16818118,2020-04-07
1055,16286100,2020-04-07
1056,16354581,2020-04-07
1057,16429561,2020-04-08
1058,16682888,2020-04-08
1059,16789746,2020-04-08
1060,16616715,2020-04-09
1061,16657353,2020-04-10
1062,16723584,2020-04-10
1063,16107109,2020-04-10
1064,16181382,2020-04-11
1065,16508883,2020-04-11
1066,16584186,2020-04-11
1067,16712570,2020-04-11
1068,16116525,2020-04-12
1069,16962233,2020-04-12
1070,16952880,2020-04-12
1071,16617873,2020-04-12
1072,16353002,2020-04-13
1073,16467658,2020-04-13
1074,16612663,2020-04-13
1075,16677742,2020-04-13
1076,16541696,2020-04-14
1077,16190462,2020-04-14
1078,16768097,2020-04-14
1079,16191645,2020-04-14
1080,16476334,2020-04-15
1081,16257829,2020-04-15
1082,16312500,2020-04-15
1083,15629338,2020-04-15
1084,16958240,2020-04-15
1085,16176210,2020-04-15
1086,16440701,2020-04-15
1087,16142033,2020-04-16
1088,16186712,2020-04-17
1089,16644535,2020-04-18
1090,16253636,2020-04-18
1091,16581894,2020-04-18
1092,16200330,2020-04-19
1093,16255803,2020-04-19
1094,16886438,2020-04-19
1095,16560970,2020-04-19
1096,16422001,2020-04-20
1097,16989155,2020-04-22
1098,16108616,2020-04-23
1099,16610793,2020-04-23
1100,16788085,2020-04-23
1101,16420360,2020-04-23
1102,16285588,2020-04-24
1103,16706760,2020-04-24
1104,16197080,2020-04-24
1105,16560449,2020-04-25
1106,16106127,2020-04-25
1107,16044645,2020-04-25
1108,16940008,2020-04-25
1109,16570029,2020-04-25
1110,16075897,2020-04-26
1111,16958196,2020-04-26
1112,16972114,2020-04-26
1113,16467360,2020-04-28
1114,16046825,2020-04-28
1115,16201303,2020-04-28
1116,16201845,2020-04-29
1117,16710255,2020-04-29
1118,16638463,2020-04-29
1119,16832145,2020-04-29
1120,16160594,2020-04-30
1121,16387436,2020-05-01
1122,16582801,2020-05-02
1123,16766745,2020-05-02
1124,16939432,2020-05-02
1125,15716619,2020-05-03
1126,16114363,2020-05-03
1127,16372194,2020-05-03
1128,16096622,2020-05-04
1129,16258668,2020-05-04
1130,16151778,2020-05-04
1131,16424508,2020-05-05
1132,16940616,2020-05-05
1133,16075277,2020-05-05
1134,16010475,2020-05-05
1135,16751677,2020-05-06
1136,16618455,2020-05-06
1137,16190658,2020-05-07
1138,16558373,2020-05-08
1139,16474395,2020-05-08
1140,16099789,2020-05-08
1141,16509807,2020-05-08
1142,16039393,2020-05-09
1143,16836308,2020-05-09
1144,16398375,2020-05-09
1145,16063784,2020-05-09
1146,16598204,2020-05-09
1147,16572020,2020-05-10
1148,16473692,2020-05-10
1149,16159264,2020-05-10
1150,16869237,2020-05-10
1151,16184317,2020-05-12
1152,16172735,2020-05-12
1153,16616491,2020-05-13
1154,16282124,2020-05-13
1155,16765336,2020-05-13
1156,16162128,2020-05-14
1157,16957542,2020-05-15
1158,16152103,2020-05-15
1159,16142590,2020-05-15
1160,15565706,2020-05-16
1161,16857221,2020-05-16
1162,16034887,2020-05-17
1163,16915336,2020-05-17
1164,16493024,2020-05-17
1165,16933259,2020-05-18
1166,16580758,2020-05-19
1167,16636327,2020-05-19
1168,16714778,2020-05-20
1169,16815186,2020-05-21
1170,16895613,2020-05-21
1171,16906738,2020-05-21
1172,16214237,2020-05-21
1173,16967431,2020-05-21
1174,16512840,2020-05-21
1175,16365205,2020-05-22
1176,16653276,2020-05-22
1177,16926899,2020-05-23
1178,16885895,2020-05-23
1179,16201754,2020-05-23
1180,16161832,2020-05-23
1181,16725386,2020-05-24
1182,16164450,2020-05-24
1183,16673274,2020-05-25
1184,16880054,2020-05-25
1185,16964966,2020-05-26
1186,16772794,2020-05-26
1187,16127582,2020-05-26
1188,16958196,2020-05-26
1189,16458271,2020-05-28
1190,16175423,2020-05-29
1191,16456468,2020-05-29
1192,16608960,2020-05-29
1193,16976432,2020-05-29
1194,16720059,2020-05-30
1195,16009082,2020-05-31
1196,16679227,2020-05-31
1197,16734520,2020-06-03
1198,16807421,2020-06-05
1199,16154869,2020-06-07
1200,16740191,2020-06-08
1201,16224745,2020-06-08
1202,16240043,2020-06-08
1203,16070986,2020-06-08
1204,16624998,2020-06-08
1205,16870500,2020-06-09
1206,16716695,2020-06-09
1207,16228344,2020-06-09
1208,16473059,2020-06-10
1209,16588890,2020-06-10
1210,16769268,2020-06-11
1211,16009423,2020-06-11
1212,16165451,2020-06-11
1213,16459424,2020-06-11
1214,16766957,2020-06-12
1215,16689673,2020-06-12
1216,16962027,2020-06-13
1217,15702566,2020-06-14
1218,16785367,2020-06-14
1219,16941447,2020-06-14
1220,16928911,2020-06-14
1221,16963591,2020-06-15
1222,16692399,2020-06-15
1223,16677881,2020-06-16
1224,16643198,2020-06-17
1225,16155697,2020-06-17
1226,16941825,2020-06-18
1227,16688905,2020-06-18
1228,16790944,2020-06-18
1229,16915827,2020-06-18
1230,15613216,2020-06-19
1231,16720162,2020-06-19
1232,16822403,2020-06-21
1233,16025750,2020-06-21
1234,16189939,2020-06-22
1235,16055588,2020-06-22
1236,16538758,2020-06-22
1237,16419750,2020-06-22
1238,16857150,2020-06-25
1239,16818020,2020-06-26
1240,16081756,2020-06-27
1241,16484230,2020-06-28
1242,16045320,2020-06-28
1243,16777006,2020-06-28
1244,16959199,2020-06-28
1245,16729153,2020-06-28
1246,16141358,2020-06-29
1247,16688135,2020-06-30
1248,16393797,2020-06-30
1249,16983350,2020-07-01
1250,16880804,2020-07-01
1251,16076180,2020-07-02
1252,16711784,2020-07-02
1253,16597542,2020-07-02
1254,16851781,2020-07-02
1255,16096614,2020-07-03
1256,16707855,2020-07-03
1257,16938771,2020-07-03
1258,16642272,2020-07-04
1259,16457892,2020-07-04
1260,16082273,2020-07-05
1261,16592295,2020-07-05
1262,16520744,2020-07-05
1263,16368405,2020-07-05
1264,16459699,2020-07-05
1265,16692697,2020-07-06
1266,15689781,2020-07-06
1267,16635911,2020-07-06
1268,16831939,2020-07-07
1269,16115401,2020-07-07
1270,16183007,2020-07-08
1271,16553074,2020-07-08
1272,16798157,2020-07-08
1273,16362476,2020-07-08
1274,16450629,2020-07-09
1275,16320446,2020-07-09
1276,16052409,2020-07-09
1277,16284737,2020-07-09
1278,16393373,2020-07-09
1279,16292526,2020-07-09
1280,16439520,2020-07-09
1281,16732104,2020-07-10
1282,16963047,2020-07-11
1283,16722025,2020-07-11
1284,16183006,2020-07-11
1285,16844980,2020-07-11
1286,16923905,2020-07-11
1287,16058773,2020-07-12
1288,16606757,2020-07-12
1289,16780878,2020-07-12
1290,16729633,2020-07-13
1291,16488980,2020-07-13
1292,16447923,2020-07-13
1293,16002986,2020-07-13
1294,16157464,2020-07-13
1295,16850916,2020-07-14
1296,16952701,2020-07-14
1297,16704016,2020-07-14
1298,16560982,2020-07-14
1299,16055830,2020-07-15
1300,16795374,2020-07-15
1301,16973806,2020-07-16
1302,16137861,2020-07-16
1303,16053113,2020-07-16
1304,16411780,2020-07-16
1305,16713813,2020-07-17
1306,16909948,2020-07-18
1307,16144268,2020-07-18
1308,16833179,2020-07-18
1309,16581843,2020-07-19
1310,16426987,2020-07-19
1311,16917904,2020-07-20
1312,16794772,2020-07-20
1313,16680572,2020-07-21
1314,16678327,2020-07-21
1315,16660980,2020-07-21
1316,16687080,2020-07-21
1317,16099012,2020-07-21
1318,16699015,2020-07-22
1319,16688312,2020-07-23
1320,16099113,2020-07-24
1321,16672211,2020-07-25
1322,16576722,2020-07-25
1323,16284349,2020-07-25
1324,16898475,2020-07-25
1325,16381665,2020-07-26
1326,16872983,2020-07-26
1327,16901584,2020-07-27
1328,15706021,2020-07-27
1329,16064602,2020-07-28
1330,16880271,2020-07-29
1331,16390942,2020-07-29
1332,16509529,2020-07-30
1333,16437497,2020-07-30
1334,16570834,2020-07-30
1335,16099657,2020-07-30
1336,16676755,2020-07-30
1337,16886764,2020-07-30
1338,16487795,2020-08-01
1339,16747019,2020-08-02
1340,16382783,2020-08-02
1341,16457485,2020-08-02
1342,16189189,2020-08-03
1343,16936798,2020-08-03
1344,16673303,2020-08-03
1345,16731302,2020-08-04
1346,15814275,2020-08-04
1347,16324529,2020-08-04
1348,16479093,2020-08-06
1349,16260184,2020-08-06
1350,16207383,2020-08-06
1351,16087457,2020-08-06
1352,16404855,2020-08-06
1353,16947324,2020-08-06
1354,16442181,2020-08-07
1355,16259502,2020-08-07
1356,15640507,2020-08-09
1357,16323703,2020-08-10
1358,16645392,2020-08-10
1359,16423149,2020-08-10
1360,16364372,2020-08-11
1361,16505678,2020-08-11
1362,16805655,2020-08-11
1363,16043747,2020-08-11
1364,16430343,2020-08-11
1365,16513888,2020-08-11
1366,16410308,2020-08-12
1367,16918156,2020-08-12
1368,15629323,2020-08-12
1369,16368794,2020-08-13
1370,16990175,2020-08-13
1371,16939195,2020-08-14
1372,15673481,2020-08-15
1373,15668853,2020-08-15
1374,16226858,2020-08-15
1375,16150172,2020-08-16
1376,15659366,2020-08-17
1377,16191594,2020-08-17
1378,16126333,2020-08-18
1379,16858275,2020-08-18
1380,16863302,2020-08-18
1381,16734627,2020-08-18
1382,16411805,2020-08-19
1383,16779438,2020-08-19
1384,16195637,2020-08-20
1385,16388266,2020-08-20
1386,16903675,2020-08-20
1387,16249730,2020-08-20
1388,16905573,2020-08-20
1389,16450395,2020-08-21
1390,16818936,2020-08-21
1391,16365224,2020-08-21
1392,16495915,2020-08-21
1393,16106209,2020-08-22
1394,16988927,2020-08-22
1395,16444895,2020-08-22
1396,16604254,2020-08-23
1397,15649418,2020-08-24
1398,16196556,2020-08-24
1399,16975493,2020-08-24
1400,16426067,2020-08-25
1401,16113039,2020-08-26
1402,16606418,2020-08-26
1403,16397816,2020-08-27
1404,16442314,2020-08-27
1405,16812737,2020-08-28
1406,16488916,2020-08-28
1407,16908181,2020-08-28
1408,16337659,2020-08-29
1409,16011301,2020-08-29
1410,16292142,2020-08-29
1411,16165396,2020-08-29
1412,16744921,2020-08-30
1413,15591428,2020-08-30
1414,15684296,2020-08-30
1415,16630500,2020-08-31
1416,16710748,2020-09-01
1417,16031721,2020-09-02
1418,16984540,2020-09-03
1419,16198616,2020-09-03
1420,16648916,2020-09-04
1421,16933741,2020-09-05
1422,16479329,2020-09-06
1423,16945960,2020-09-07
1424,16929467,2020-09-09
1425,16458039,2020-09-09
1426,16364752,2020-09-10
1427,16939794,2020-09-10
1428,16820301,2020-09-11
1429,16720930,2020-09-12
1430,16863082,2020-09-12
1431,16212347,2020-09-12
1432,16553510,2020-09-13
1433,16857899,2020-09-13
1434,16418600,2020-09-13
1435,16478880,2020-09-13
1436,16148409,2020-09-13
1437,16463987,2020-09-14
1438,16212099,2020-09-15
1439,16775578,2020-09-16
1440,16868913,2020-09-17
1441,16994594,2020-09-17
1442,16362986,2020-09-18
1443,16337790,2020-09-18
1444,16770221,2020-09-19
1445,16885388,2020-09-19
1446,16967007,2020-09-19
1447,15628972,2020-09-19
1448,16947785,2020-09-19
1449,16072439,2020-09-19
1450,16251611,2020-09-20
1451,15736008,2020-09-20
1452,16064349,2020-09-20
1453,16030824,2020-09-20
1454,16274526,2020-09-21
1455,16159543,2020-09-22
1456,16191513,2020-09-22
1457,16607577,2020-09-22
1458,16719419,2020-09-23
1459,16149518,2020-09-23
1460,16912959,2020-09-24
1461,16281291,2020-09-24
1462,16475203,2020-09-24
1463,16003471,2020-09-25
1464,16869422,2020-09-25
1465,16042093,2020-09-26
1466,16025072,2020-09-26
1467,16180129,2020-09-26
1468,15621116,2020-09-26
1469,16031812,2020-09-26
1470,16774091,2020-09-27
1471,16853155,2020-09-27
1472,16917548,2020-09-28
1473,16663816,2020-09-29
1474,16182180,2020-09-29
1475,16001405,2020-09-29
1476,16650819,2020-09-30
1477,16976808,2020-09-30
1478,16438274,2020-09-30
1479,16802556,2020-10-01
1480,16523217,2020-10-01
1481,16075817,2020-10-02
1482,16032636,2020-10-02
1483,16879717,2020-10-02
1484,16050014,2020-10-03
1485,15650026,2020-10-03
1486,16073161,2020-10-04
1487,15681126,2020-10-04
1488,16000165,2020-10-04
1489,16349152,2020-10-04
1490,16047222,2020-10-05
1491,16121296,2020-10-06
1492,16048421,2020-10-06
1493,16114687,2020-10-06
1494,16082295,2020-10-06
1495,16058147,2020-10-08
1496,16395477,2020-10-08
1497,16847928,2020-10-08
1498,16700122,2020-10-09
1499,16222249,2020-10-10
1500,16974113,2020-10-10
1501,16572475,2020-10-11
1502,16817106,2020-10-11
1503,16630376,2020-10-11
1504,16451320,2020-10-11
1505,16384852,2020-10-11
1506,16252991,2020-10-11
1507,16405880,2020-10-12
1508,16841269,2020-10-12
1509,16319552,2020-10-13
1510,16015334,2020-10-14
1511,16133465,2020-10-14
1512,16177875,2020-10-15
1513,16606416,2020-10-15
1514,16812734,2020-10-16
1515,16727744,2020-10-17
1516,16176139,2020-10-17
1517,16059898,2020-10-17
1518,16315270,2020-10-18
1519,15714391,2020-10-19
1520,16415035,2020-10-20
1521,15713770,2020-10-20
1522,16291329,2020-10-20
1523,16967161,2020-10-20
1524,16449694,2020-10-21
1525,16451445,2020-10-21
1526,16437504,2020-10-21
1527,16163430,2020-10-23
1528,16190855,2020-10-24
1529,16195177,2020-10-25
1530,16319566,2020-10-25
1531,16295843,2020-10-26
1532,16508402,2020-10-26
1533,16334733,2020-10-27
1534,16639371,2020-10-27
1535,16283859,2020-10-28
1536,16048472,2020-10-28
1537,16506167,2020-10-28
1538,16409991,2020-10-28
1539,16708683,2020-10-28
1540,16559425,2020-10-28
1541,16048206,2020-10-29
1542,16724967,2020-10-29
1543,16076602,2020-10-29
1544,16071810,2020-10-31
1545,16651795,2020-11-01
1546,16286162,2020-11-01
1547,16657806,2020-11-02
1548,16054645,2020-11-03
1549,16207761,2020-11-03
1550,16035150,2020-11-03
1551,16225091,2020-11-03
1552,16305162,2020-11-04
1553,16551221,2020-11-05
1554,16237750,2020-11-05
1555,16493160,2020-11-06
1556,16741715,2020-11-06
1557,15756196,2020-11-07
1558,16636308,2020-11-07
1559,16990152,2020-11-07
1560,16681958,2020-11-08
1561,16503374,2020-11-08
1562,16406901,2020-11-08
1563,16409788,2020-11-09
1564,16637125,2020-11-09
1565,16755816,2020-11-09
1566,16671125,2020-11-09
1567,16829777,2020-11-09
1568,16940210,2020-11-09
1569,16866090,2020-11-09
1570,16282313,2020-11-10
1571,16800979,2020-11-10
1572,16502672,2020-11-10
1573,16976605,2020-11-10
1574,16637274,2020-11-11
1575,16219796,2020-11-12
1576,16671920,2020-11-13
1577,16814829,2020-11-13
1578,16852663,2020-11-14
1579,16029465,2020-11-15
1580,16729574,2020-11-16
1581,16084327,2020-11-16
1582,16572216,2020-11-16
1583,16823894,2020-11-16
1584,16571362,2020-11-17
1585,15725772,2020-11-17
1586,15731330,2020-11-17
1587,16198570,2020-11-18
1588,16892618,2020-11-18
1589,16399992,2020-11-19
1590,16518053,2020-11-19
1591,16645930,2020-11-19
1592,16688919,2020-11-20
1593,16991468,2020-11-21
1594,16881579,2020-11-21
1595,16656675,2020-11-21
1596,16359645,2020-11-25
1597,16507243,2020-11-26
1598,16812132,2020-11-26
1599,16288639,2020-11-26
1600,16003850,2020-11-26
1601,16189526,2020-11-27
1602,16419079,2020-11-27
1603,16203745,2020-11-28
1604,16445547,2020-11-28
1605,16948974,2020-11-28
1606,16581255,2020-11-29
1607,15744240,2020-11-30
1608,16451876,2020-11-30
1609,16169972,2020-12-01
1610,16355969,2020-12-01
1611,16970254,2020-12-01
1612,16085114,2020-12-02
1613,16659877,2020-12-02
1614,16449545,2020-12-02
1615,16590725,2020-12-03
1616,16751458,2020-12-03
1617,16573023,2020-12-03
1618,16927807,2020-12-04
1619,16073663,2020-12-04
1620,16623914,2020-12-04
1621,16278258,2020-12-05
1622,16012021,2020-12-05
1623,16043833,2020-12-06
1624,16766588,2020-12-06
1625,16876719,2020-12-09
1626,16112129,2020-12-10
1627,16268652,2020-12-11
1628,16321719,2020-12-11
1629,16790346,2020-12-11
1630,16041023,2020-12-12
1631,16977833,2020-12-12
1632,15621629,2020-12-12
1633,15781495,2020-12-13
1634,16366155,2020-12-13
1635,16664067,2020-12-14
1636,16899104,2020-12-14
1637,16153543,2020-12-14
1638,16167316,2020-12-15
1639,16060622,2020-12-15
1640,16351309,2020-12-16
1641,16337431,2020-12-16
1642,16554606,2020-12-16
1643,16971749,2020-12-17
1644,16550776,2020-12-17
1645,15707362,2020-12-18
1646,16476970,2020-12-18
1647,16701187,2020-12-18
1648,16943881,2020-12-19
1649,16012335,2020-12-19
1650,16417554,2020-12-20
1651,16511152,2020-12-21
1652,16845342,2020-12-21
1653,16990517,2020-12-22
1654,16457456,2020-12-24
1655,16668498,2020-12-24
1656,16844663,2020-12-24
1657,16961101,2020-12-27
1658,16261097,2020-12-28
1659,16347979,2020-12-29
1660,16923710,2020-12-29
1661,16531945,2020-12-29
1662,16676350,2020-12-29
1663,16567119,2020-12-29
1664,16981277,2020-12-30
1665,16551320,2020-12-30
1666,16936701,2020-12-30
1667,16910093,2020-12-31
1668,16986353,2020-12-31
1669,16434598,2020-12-31
1670,16112962,2020-12-31
1671,16088068,2020-12-31
1672,16115766,2021-01-01
1673,16385729,2021-01-02
1674,16184362,2021-01-02
1675,16213167,2021-01-03
1676,15653952,2021-01-05
1677,16915000,2021-01-05
1678,16462956,2021-01-05
1679,16428961,2021-01-07
1680,16771897,2021-01-07
1681,16499936,2021-01-08
1682,16351662,2021-01-08
1683,16971736,2021-01-08
1684,16126940,2021-01-08
1685,15705379,2021-01-08
1686,16859406,2021-01-08
1687,16961976,2021-01-09
1688,16492155,2021-01-10
1689,16285374,2021-01-11
1690,16258381,2021-01-11
1691,16442739,2021-01-13
1692,16662091,2021-01-14
1693,16513639,2021-01-15
1694,16464936,2021-01-15
1695,16370339,2021-01-15
1696,16491320,2021-01-16
1697,16912512,2021-01-16
1698,16023843,2021-01-16
1699,16778306,2021-01-17
1700,16131554,2021-01-17
1701,16913259,2021-01-17
1702,16092889,2021-01-17
1703,16574530,2021-01-18
1704,16667414,2021-01-18
1705,16187114,2021-01-19
1706,16546363,2021-01-19
1707,16420727,2021-01-19
1708,16423449,2021-01-19
1709,16004103,2021-01-20
1710,16119067,2021-01-20
1711,16880089,2021-01-21
1712,16987207,2021-01-21
1713,16798045,2021-01-21
1714,16826233,2021-01-21
1715,16138919,2021-01-21
1716,16013115,2021-01-21
1717,16254982,2021-01-21
1718,16008874,2021-01-22
1719,16890254,2021-01-22
1720,16302586,2021-01-22
1721,16149743,2021-01-23
1722,16653298,2021-01-23
1723,16789808,2021-01-23
1724,16263797,2021-01-24
1725,16925339,2021-01-24
1726,16253328,2021-01-25
1727,16245242,2021-01-25
1728,16810702,2021-01-26
1729,16933311,2021-01-26
1730,16930904,2021-01-26
1731,16630527,2021-01-27
1732,16838574,2021-01-27
1733,16694073,2021-01-28
1734,16359582,2021-01-29
1735,16392395,2021-01-30
1736,16265334,2021-01-30
1737,16736855,2021-01-30
1738,16548679,2021-01-30
1739,16780270,2021-01-30
1740,16224459,2021-01-30
1741,16109609,2021-01-31
1742,16152862,2021-01-31
1743,16620803,2021-02-02
1744,16869606,2021-02-04
1745,16074126,2021-02-04
1746,16863701,2021-02-05
1747,16147696,2021-02-05
1748,16099623,2021-02-05
1749,16911636,2021-02-05
1750,16365883,2021-02-05
1751,16987848,2021-02-06
1752,16372274,2021-02-06
1753,16783024,2021-02-06
1754,16055016,2021-02-06
1755,16371878,2021-02-09
1756,16580660,2021-02-10
1757,16414833,2021-02-10
1758,16866809,2021-02-11
1759,16855489,2021-02-12
1760,16223162,2021-02-12
1761,16114514,2021-02-12
1762,16810750,2021-02-13
1763,16367695,2021-02-14
1764,16885734,2021-02-15
1765,16938598,2021-02-15
1766,16770744,2021-02-15
1767,16347500,2021-02-15
1768,16927314,2021-02-15
1769,16316027,2021-02-16
1770,16573939,2021-02-16
1771,16159498,2021-02-17
1772,16121863,2021-02-18
1773,16330850,2021-02-19
1774,16827534,2021-02-19
1775,16859472,2021-02-19
1776,16072245,2021-02-20
1777,16707996,2021-02-20
1778,16655308,2021-02-21
1779,16112552,2021-02-22
1780,15699335,2021-02-22
1781,16200593,2021-02-23
1782,16305496,2021-02-23
1783,16056602,2021-02-25
1784,16815030,2021-02-25
1785,16885160,2021-02-26
1786,16804194,2021-02-26
1787,16451187,2021-02-27
1788,16294079,2021-02-27
1789,16048420,2021-02-27
1790,16112202,2021-02-28
1791,16628941,2021-02-28
1792,16426931,2021-03-01
1793,16593086,2021-03-01
1794,16290452,2021-03-02
1795,16761528,2021-03-02
1796,16070101,2021-03-02
1797,16832912,2021-03-02
1798,16152803,2021-03-03
1799,16686405,2021-03-03
1800,16555247,2021-03-03
1801,16036556,2021-03-03
1802,16169582,2021-03-03
1803,16129500,2021-03-04
1804,15718231,2021-03-04
1805,16917402,2021-03-04
1806,16176409,2021-03-04
1807,16693482,2021-03-04
1808,16208344,2021-03-05
1809,16379412,2021-03-05
1810,16033316,2021-03-06
1811,16983915,2021-03-06
1812,16551590,2021-03-06
1813,16046221,2021-03-07
1814,16459972,2021-03-07
1815,15726931,2021-03-07
1816,16813966,2021-03-07
1817,16298176,2021-03-07
1818,16351367,2021-03-08
1819,16060658,2021-03-08
1820,16452498,2021-03-08
1821,16229729,2021-03-09
1822,16707357,2021-03-10
1823,16845967,2021-03-11
1824,16518021,2021-03-11
1825,16371274,2021-03-11
1826,16395226,2021-03-11
1827,16345896,2021-03-12
1828,16966024,2021-03-12
1829,16726504,2021-03-12
1830,16780360,2021-03-13
1831,16389028,2021-03-14
1832,16017049,2021-03-14
1833,16736208,2021-03-14
1834,16137923,2021-03-15
1835,16595159,2021-03-15
1836,16624880,2021-03-15
1837,16682863,2021-03-16
1838,16038358,2021-03-16
1839,16074847,2021-03-16
1840,16565503,2021-03-16
1841,16536747,2021-03-17
1842,16861580,2021-03-17
1843,16296545,2021-03-18
1844,16745121,2021-03-18
1845,16752794,2021-03-18
1846,16575548,2021-03-19
1847,16400222,2021-03-19
1848,16719579,2021-03-19
1849,16355238,2021-03-20
1850,16892959,2021-03-21
1851,16520342,2021-03-21
1852,16661768,2021-03-21
1853,16075133,2021-03-22
1854,16669120,2021-03-22
1855,16342655,2021-03-23
1856,16107226,2021-03-24
1857,16352971,2021-03-24
1858,16309338,2021-03-24
1859,16334556,2021-03-24
1860,16576590,2021-03-25
1861,16440719,2021-03-26
1862,16008370,2021-03-26
1863,16366953,2021-03-26
1864,16074339,2021-03-26
1865,16329127,2021-03-26
1866,16453237,2021-03-26
1867,16014881,2021-03-28
1868,16728781,2021-03-28
1869,16319661,2021-03-28
1870,16196526,2021-03-29
1871,16013088,2021-03-30
1872,16044160,2021-03-30
1873,16291458,2021-03-30
1874,16071109,2021-03-31
1875,16940740,2021-04-01
1876,15694237,2021-04-01
1877,16191823,2021-04-01
1878,16242368,2021-04-02
1879,16216736,2021-04-02
1880,15613923,2021-04-03
1881,16713376,2021-04-04
1882,16086553,2021-04-05
1883,15672637,2021-04-05
1884,16613144,2021-04-05
1885,15634267,2021-04-06
1886,16658477,2021-04-06
1887,16705983,2021-04-06
1888,16543056,2021-04-07
1889,16118798,2021-04-07
1890,16271303,2021-04-08
1891,16425986,2021-04-08
1892,16641104,2021-04-08
1893,16116545,2021-04-08
1894,16564972,2021-04-09
1895,16536290,2021-04-09
1896,16280108,2021-04-09
1897,16672186,2021-04-09
1898,16947966,2021-04-10
1899,16755071,2021-04-10
1900,16389859,2021-04-10
1901,16740446,2021-04-10
1902,16597759,2021-04-10
1903,16423608,2021-04-11
1904,16050018,2021-04-11
1905,16348805,2021-04-12
1906,16930616,2021-04-12
1907,16113582,2021-04-13
1908,16927421,2021-04-14
1909,16601135,2021-04-14
1910,16353219,2021-04-14
1911,16471395,2021-04-15
1912,16311866,2021-04-15
1913,16153250,2021-04-16
1914,16633013,2021-04-16
1915,16196528,2021-04-16
1916,16392704,2021-04-17
1917,16074024,2021-04-18
1918,16871957,2021-04-18
1919,16412997,2021-04-18
1920,15723339,2021-04-18
1921,16720987,2021-04-19
1922,15663987,2021-04-19
1923,16050990,2021-04-19
1924,16526106,2021-04-19
1925,16281907,2021-04-19
1926,16801817,2021-04-19
1927,16257344,2021-04-20
1928,16628171,2021-04-20
1929,16632559,2021-04-20
1930,16250984,2021-04-20
1931,16186500,2021-04-21
1932,16642418,2021-04-22
1933,16663083,2021-04-23
1934,16724423,2021-04-23
1935,16356377,2021-04-23
1936,16657982,2021-04-23
1937,16997019,2021-04-24
1938,16997286,2021-04-24
1939,16090102,2021-04-25
1940,15739046,2021-04-25
1941,16111911,2021-04-25
1942,16612454,2021-04-25
1943,16711872,2021-04-26
1944,16500326,2021-04-27
1945,16370838,2021-04-28
1946,16988535,2021-04-28
1947,16525703,2021-04-28
1948,16450838,2021-04-29
1949,16889799,2021-04-30
1950,16377174,2021-04-30
1951,16600966,2021-04-30
1952,16349404,2021-04-30
1953,16007616,2021-05-01
1954,16269571,2021-05-01
1955,16646432,2021-05-02
1956,16379339,2021-05-02
1957,16606191,2021-05-03
1958,15643630,2021-05-03
1959,16615373,2021-05-03
1960,16436867,2021-05-04
1961,15798709,2021-05-04
1962,16328211,2021-05-05
1963,16210444,2021-05-07
1964,16063281,2021-05-07
1965,16924580,2021-05-08
1966,16228419,2021-05-08
1967,16209576,2021-05-08
1968,15680517,2021-05-09
1969,16195935,2021-05-09
1970,16761180,2021-05-09
1971,16384149,2021-05-09
1972,16821493,2021-05-10
1973,16334764,2021-05-10
1974,16719078,2021-05-11
1975,16515376,2021-05-11
1976,16770862,2021-05-12
1977,16192927,2021-05-12
1978,16664286,2021-05-12
1979,16276278,2021-05-12
1980,16670726,2021-05-13
1981,16313945,2021-05-13
1982,16908066,2021-05-13
1983,16646221,2021-05-14
1984,16072090,2021-05-14
1985,16642733,2021-05-14
1986,16803626,2021-05-15
1987,16314287,2021-05-15
1988,16071820,2021-05-15
1989,15621227,2021-05-16
1990,16217413,2021-05-16
1991,16161389,2021-05-17
1992,16543618,2021-05-17
1993,16376714,2021-05-17
1994,16878827,2021-05-17
1995,15615091,2021-05-19
1996,16531845,2021-05-19
1997,16280984,2021-05-19
1998,16675751,2021-05-20
1999,16508700,2021-05-20
2000,16263874,2021-05-21
2001,16836086,2021-05-21
2002,16261273,2021-05-21
2003,16970695,2021-05-21
2004,16380331,2021-05-21
2005,16796089,2021-05-21
2006,16977876,2021-05-22
2007,16390954,2021-05-22
2008,16550902,2021-05-22
2009,16385300,2021-05-23
2010,16781280,2021-05-23
2011,16593516,2021-05-23
2012,16670422,2021-05-24
2013,16780882,2021-05-24
2014,16332258,2021-05-25
2015,16898506,2021-05-26
2016,16520025,2021-05-26
2017,16340676,2021-05-26
2018,16872599,2021-05-27
2019,16723608,2021-05-27
2020,16178350,2021-05-27
2021,16981060,2021-05-27
2022,16359930,2021-05-27
2023,16104236,2021-05-28
2024,16294109,2021-05-28
2025,16027547,2021-05-28
2026,16128146,2021-05-29
2027,16669450,2021-05-29
2028,16905193,2021-05-30
2029,16492514,2021-05-30
2030,16774535,2021-05-31
2031,16788248,2021-05-31
2032,16426853,2021-05-31
2033,15662955,2021-06-01
2034,16834292,2021-06-01
2035,16606529,2021-06-02
2036,16395562,2021-06-02
2037,16992663,2021-06-03
2038,16714857,2021-06-04
2039,16984172,2021-06-04
2040,16723573,2021-06-04
2041,16150584,2021-06-05
2042,16201831,2021-06-05
2043,16089386,2021-06-05
2044,16485748,2021-06-05
2045,16650947,2021-06-05
2046,16134834,2021-06-05
2047,16309339,2021-06-05
2048,16521454,2021-06-06
2049,16261601,2021-06-06
2050,16692586,2021-06-06
2051,16294267,2021-06-07
2052,16604503,2021-06-08
2053,16297652,2021-06-08
2054,16379428,2021-06-09
2055,16129692,2021-06-10
2056,16378348,2021-06-10
2057,16013389,2021-06-11
2058,16123784,2021-06-11
2059,16253476,2021-06-11
2060,16587923,2021-06-12
2061,16438034,2021-06-12
2062,16511849,2021-06-13
2063,15810711,2021-06-13
2064,16814335,2021-06-13
2065,16706712,2021-06-15
2066,16104673,2021-06-15
2067,16489898,2021-06-15
2068,16251510,2021-06-15
2069,16684137,2021-06-16
2070,16576707,2021-06-16
2071,15622532,2021-06-16
2072,16584170,2021-06-17
2073,16660464,2021-06-18
2074,16612508,2021-06-18
2075,16728263,2021-06-19
2076,16203564,2021-06-20
2077,16505739,2021-06-21
2078,16573934,2021-06-22
2079,16514779,2021-06-22
2080,16242465,2021-06-22
2081,16820248,2021-06-22
2082,16357985,2021-06-23
2083,16087745,2021-06-23
2084,16213921,2021-06-25
2085,16998421,2021-06-25
2086,16653647,2021-06-25
2087,16485801,2021-06-26
2088,16489011,2021-06-27
2089,16752974,2021-06-28
2090,16710482,2021-06-29
2091,16836620,2021-06-29
2092,16357442,2021-06-30
2093,16489706,2021-07-01
2094,16702357,2021-07-01
2095,16662809,2021-07-01
2096,16089236,2021-07-01
2097,16309090,2021-07-01
2098,16263830,2021-07-02
2099,16945920,2021-07-02
2100,16253838,2021-07-02
2101,16636960,2021-07-03
2102,16489712,2021-07-03
2103,16155097,2021-07-04
2104,16876551,2021-07-05
2105,16293718,2021-07-05
2106,16310732,2021-07-05
2107,16744150,2021-07-05
2108,16169017,2021-07-05
2109,16991264,2021-07-06
2110,16889552,2021-07-06
2111,16727413,2021-07-06
2112,16497719,2021-07-07
2113,16154146,2021-07-08
2114,16595743,2021-07-08
2115,16790571,2021-07-09
2116,16584614,2021-07-09
2117,16145710,2021-07-09
2118,16194583,2021-07-10
2119,16533415,2021-07-12
2120,16562838,2021-07-12
2121,16150141,2021-07-12
2122,16381024,2021-07-13
2123,16716982,2021-07-13
2124,16104529,2021-07-14
2125,16580257,2021-07-14
2126,16274622,2021-07-14
2127,16475699,2021-07-14
2128,16153948,2021-07-14
2129,16807745,2021-07-14
2130,16381460,2021-07-15
2131,16219449,2021-07-15
2132,16889805,2021-07-15
2133,16818578,2021-07-15
2134,16503529,2021-07-15
2135,16698354,2021-07-17
2136,16190079,2021-07-18
2137,16403919,2021-07-18
2138,16307621,2021-07-18
2139,16252213,2021-07-18
2140,16131035,2021-07-18
2141,16555733,2021-07-19
2142,16429126,2021-07-19
2143,16935270,2021-07-19
2144,16513540,2021-07-19
2145,16327772,2021-07-20
2146,16863484,2021-07-20
2147,16965502,2021-07-21
2148,16883547,2021-07-22
2149,16220628,2021-07-22
2150,16474836,2021-07-23
2151,16135211,2021-07-23
2152,16272855,2021-07-24
2153,16630941,2021-07-24
2154,16741532,2021-07-25
2155,16997134,2021-07-25
2156,16160158,2021-07-26
2157,16816628,2021-07-27
2158,16345318,2021-07-27
2159,16207136,2021-07-27
2160,16171549,2021-07-28
2161,16866179,2021-07-28
2162,16394170,2021-07-28
2163,16046985,2021-07-28
2164,16706012,2021-07-29
2165,16558970,2021-07-30
2166,16664025,2021-07-30
2167,15756471,2021-07-30
2168,16575722,2021-07-31
2169,16030486,2021-07-31
2170,16499973,2021-07-31
2171,16893726,2021-08-01
2172,16521932,2021-08-01
2173,16042952,2021-08-01
2174,16891219,2021-08-01
2175,16617043,2021-08-02
2176,16621298,2021-08-02
2177,16982159,2021-08-02
2178,16630948,2021-08-03
2179,16384689,2021-08-04
2180,16653132,2021-08-04
2181,16387731,2021-08-04
2182,16804330,2021-08-04
2183,16292909,2021-08-04
2184,16306478,2021-08-05
2185,16223216,2021-08-05
2186,16591120,2021-08-07
2187,16532027,2021-08-07
2188,16966307,2021-08-09
2189,15749265,2021-08-10
2190,16292130,2021-08-10
2191,16008861,2021-08-10
2192,16646589,2021-08-11
2193,16489021,2021-08-11
2194,16041434,2021-08-12
2195,16671219,2021-08-12
2196,16422435,2021-08-12
2197,16140225,2021-08-12
2198,16930385,2021-08-12
2199,16152975,2021-08-14
2200,16045630,2021-08-14
2201,16085468,2021-08-14
2202,16948167,2021-08-14
2203,16800551,2021-08-16
2204,16480394,2021-08-16
2205,16171321,2021-08-17
2206,16447517,2021-08-17
2207,16874692,2021-08-17
2208,16340266,2021-08-18
2209,16809497,2021-08-18
2210,16818723,2021-08-18
2211,16847060,2021-08-19
2212,16725956,2021-08-20
2213,16260029,2021-08-20
2214,16967063,2021-08-20
2215,16491954,2021-08-20
2216,16667843,2021-08-20
2217,16516263,2021-08-20
2218,16483068,2021-08-21
2219,16177756,2021-08-21
2220,16498414,2021-08-21
2221,16775853,2021-08-21
2222,16135563,2021-08-22
2223,16825144,2021-08-22
2224,16400233,2021-08-22
2225,16307070,2021-08-23
2226,16765503,2021-08-24
2227,16162412,2021-08-24
2228,16395002,2021-08-24
2229,16728670,2021-08-24
2230,16139463,2021-08-25
2231,16423922,2021-08-25
2232,16360805,2021-08-25
2233,16905152,2021-08-26
2234,16392775,2021-08-26
2235,16675570,2021-08-26
2236,16792143,2021-08-26
2237,16137532,2021-08-27
2238,16395475,2021-08-28
2239,16667160,2021-08-28
2240,16095854,2021-08-28
2241,16187430,2021-08-28
2242,16892031,2021-08-29
2243,16885100,2021-08-29
2244,16783384,2021-08-30
2245,16851206,2021-08-30
2246,16315013,2021-08-31
2247,16702420,2021-09-01
2248,16154197,2021-09-01
2249,16337626,2021-09-01
2250,16511946,2021-09-02
2251,16989021,2021-09-02
2252,16633214,2021-09-03
2253,16194854,2021-09-03
2254,16449734,2021-09-04
2255,16255432,2021-09-05
2256,16928973,2021-09-05
2257,16824069,2021-09-06
2258,16289351,2021-09-06
2259,16639467,2021-09-07
2260,16293027,2021-09-07
2261,16236544,2021-09-07
2262,16586782,2021-09-07
2263,16848063,2021-09-07
2264,16863067,2021-09-08
2265,16511919,2021-09-08
2266,16661237,2021-09-08
2267,16190801,2021-09-08
2268,16643176,2021-09-09
2269,16798408,2021-09-09
2270,16681300,2021-09-09
2271,16285206,2021-09-09
2272,16376909,2021-09-09
2273,15727915,2021-09-09
2274,16300800,2021-09-10
2275,16446412,2021-09-10
2276,16928408,2021-09-11
2277,16034734,2021-09-12
2278,16377880,2021-09-12
2279,16198029,2021-09-13
2280,16365966,2021-09-13
2281,16099577,2021-09-14
2282,16811630,2021-09-15
2283,16673796,2021-09-15
2284,16155781,2021-09-16
2285,16005145,2021-09-16
2286,16474225,2021-09-16
2287,15608760,2021-09-16
2288,16291412,2021-09-17
2289,16820961,2021-09-17
2290,16726853,2021-09-18
2291,16017497,2021-09-19
2292,16500654,2021-09-19
2293,16709660,2021-09-19
2294,15584620,2021-09-21
2295,15764284,2021-09-21
2296,16364077,2021-09-21
2297,16302298,2021-09-21
2298,16312007,2021-09-21
2299,16583747,2021-09-21
2300,16144306,2021-09-22
2301,16159243,2021-09-23
2302,16796829,2021-09-23
2303,16971038,2021-09-23
2304,16880005,2021-09-23
2305,16158061,2021-09-24
2306,16388131,2021-09-24
2307,16295114,2021-09-24
2308,16496292,2021-09-24
2309,16484068,2021-09-25
2310,16727247,2021-09-26
2311,16435025,2021-09-26
2312,16604765,2021-09-26
2313,16960687,2021-09-27
2314,16211432,2021-09-27
2315,16124884,2021-09-28
2316,16622456,2021-09-28
2317,16261555,2021-09-29
2318,16621151,2021-09-29
2319,16201360,2021-09-29
2320,15723299,2021-09-30
2321,16757376,2021-10-01
2322,16649892,2021-10-01
2323,16577866,2021-10-02
2324,16191087,2021-10-02
2325,16803192,2021-10-02
2326,16790028,2021-10-03
2327,16311062,2021-10-03
2328,16041350,2021-10-03
2329,16711169,2021-10-04
2330,16988298,2021-10-05
2331,15664204,2021-10-05
2332,16547920,2021-10-05
2333,16597664,2021-10-05
2334,16330260,2021-10-06
2335,16445429,2021-10-06
2336,16248620,2021-10-07
2337,16877853,2021-10-07
2338,16392334,2021-10-07
2339,16841240,2021-10-08
2340,16006587,2021-10-08
2341,15798615,2021-10-08
2342,16620694,2021-10-09
2343,16601399,2021-10-09
2344,16316565,2021-10-10
2345,16507399,2021-10-10
2346,16244577,2021-10-10
2347,16859234,2021-10-10
2348,16060420,2021-10-10
2349,16815392,2021-10-11
2350,16354176,2021-10-12
2351,16331769,2021-10-12
2352,16672409,2021-10-12
2353,16050642,2021-10-12
2354,15732430,2021-10-13
2355,16520253,2021-10-13
2356,16084443,2021-10-13
2357,16055807,2021-10-13
2358,16095052,2021-10-13
2359,16126251,2021-10-14
2360,16818184,2021-10-14
2361,16884233,2021-10-14
2362,16240018,2021-10-16
2363,16184529,2021-10-16
2364,16775035,2021-10-16
2365,16201906,2021-10-16
2366,16710693,2021-10-16
2367,15708917,2021-10-17
2368,16359938,2021-10-18
2369,16593249,2021-10-19
2370,16261588,2021-10-19
2371,15618225,2021-10-19
2372,16152498,2021-10-20
2373,16592808,2021-10-20
2374,16512696,2021-10-21
2375,16315572,2021-10-21
2376,16950414,2021-10-21
2377,16206044,2021-10-21
2378,16197883,2021-10-22
2379,16476693,2021-10-22
2380,16509298,2021-10-24
2381,15729689,2021-10-24
2382,16543689,2021-10-24
2383,16592949,2021-10-24
2384,16416685,2021-10-25
2385,16166275,2021-10-26
2386,16702156,2021-10-26
2387,16592161,2021-10-27
2388,16108824,2021-10-28
2389,16811912,2021-10-28
2390,15686137,2021-10-28
2391,16312499,2021-10-28
2392,16491533,2021-10-28
2393,16798720,2021-10-29
2394,16582921,2021-10-29
2395,16333376,2021-10-30
2396,16160075,2021-10-31
2397,16192377,2021-11-01
2398,16123947,2021-11-01
2399,16208576,2021-11-01
2400,16856718,2021-11-02
2401,15721793,2021-11-03
2402,16594184,2021-11-03
2403,16986442,2021-11-03
2404,16667025,2021-11-03
2405,16925631,2021-11-03
2406,16070113,2021-11-03
2407,16017892,2021-11-04
2408,16769432,2021-11-04
2409,16691671,2021-11-06
2410,16941206,2021-11-06
2411,16404274,2021-11-06
2412,16977853,2021-11-07
2413,16130047,2021-11-07
2414,16993283,2021-11-07
2415,16619522,2021-11-07
2416,16126088,2021-11-08
2417,16589108,2021-11-08
2418,16222014,2021-11-08
2419,16764157,2021-11-09
2420,16204137,2021-11-09
2421,16869421,2021-11-09
2422,16531750,2021-11-09
2423,16911987,2021-11-09
2424,16057867,2021-11-09
2425,16875683,2021-11-10
2426,16856806,2021-11-10
2427,16263166,2021-11-11
2428,16418349,2021-11-11
2429,16823339,2021-11-11
2430,16058427,2021-11-11
2431,16096970,2021-11-12
2432,16500639,2021-11-12
2433,16733819,2021-11-12
2434,16989754,2021-11-12
2435,16951999,2021-11-13
2436,16900289,2021-11-14
2437,16308890,2021-11-15
2438,16564930,2021-11-16
2439,16697481,2021-11-16
2440,16707598,2021-11-18
2441,16505045,2021-11-18
2442,16571078,2021-11-20
2443,16296356,2021-11-20
2444,16545009,2021-11-22
2445,16607983,2021-11-22
2446,16671431,2021-11-23
2447,16641182,2021-11-23
2448,16488366,2021-11-23
2449,16705224,2021-11-24
2450,16685627,2021-11-26
2451,16431625,2021-11-27
2452,16051961,2021-11-27
2453,16335479,2021-11-28
2454,16524160,2021-11-28
2455,16070474,2021-11-28
2456,16245175,2021-11-29
2457,16715762,2021-11-30
2458,16645998,2021-11-30
2459,16007225,2021-12-01
2460,16294160,2021-12-01
2461,16446324,2021-12-01
2462,16259865,2021-12-01
2463,16747440,2021-12-01
2464,16317554,2021-12-02
2465,16498110,2021-12-03
2466,16516483,2021-12-03
2467,16051997,2021-12-04
2468,16384057,2021-12-04
2469,16088533,2021-12-04
2470,16183776,2021-12-05
2471,16545667,2021-12-05
2472,16458736,2021-12-05
2473,16059456,2021-12-06
2474,16665373,2021-12-06
2475,16742926,2021-12-07
2476,16543589,2021-12-08
2477,16483254,2021-12-09
2478,16319748,2021-12-10
2479,16789048,2021-12-11
2480,15730150,2021-12-11
2481,16231871,2021-12-11
2482,16864408,2021-12-13
2483,16787292,2021-12-13
2484,16780357,2021-12-13
2485,16228924,2021-12-13
2486,16612812,2021-12-14
2487,16629366,2021-12-15
2488,16821354,2021-12-15
2489,16001399,2021-12-16
2490,16879665,2021-12-17
2491,16342422,2021-12-18
2492,16375801,2021-12-18
2493,16056641,2021-12-18
2494,16924699,2021-12-19
2495,16856504,2021-12-19
2496,16118931,2021-12-19
2497,16939119,2021-12-19
2498,16610285,2021-12-20
2499,16164742,2021-12-20
2500,16961025,2021-12-20
2501,16013662,2021-12-21
2502,16438897,2021-12-21
2503,16561774,2021-12-21
2504,16219320,2021-12-21
2505,16191969,2021-12-21
2506,16466585,2021-12-23
2507,16090155,2021-12-23
2508,16499940,2021-12-23
2509,16433654,2021-12-23
2510,16188668,2021-12-24
2511,16325293,2021-12-25
2512,16482041,2021-12-25
2513,16974144,2021-12-25
2514,16815922,2021-12-26
2515,15639314,2021-12-27
2516,16875398,2021-12-27
2517,16596418,2021-12-27
2518,16108989,2021-12-28
2519,16666477,2021-12-28
2520,16659706,2021-12-29
2521,16671256,2021-12-30
2522,16904801,2021-12-30
