"playerID","runs","doubles","triples","HR","BB","SO","singles"
"abramcj01",0.128,0.04,0,0.016,0.032,0.216,0.176
"abramcj01",0.106918238993711,0.0440251572327044,0.0125786163522013,0,0.00628930817610063,0.144654088050314,0.20125786163522
"abreujo02",0.141430948419301,0.0665557404326123,0,0.0249584026622296,0.103161397670549,0.183028286189684,0.212978369384359
"acunaro01",0.15203426124197,0.0513918629550321,0,0.0321199143468951,0.113490364025696,0.269807280513919,0.182012847965739
"adamewi01",0.147424511545293,0.0550621669626998,0,0.0550621669626998,0.0870337477797513,0.294849023090586,0.127886323268206
"adamsri03",0.0985915492957746,0.028169014084507,0,0.0352112676056338,0.0845070422535211,0.323943661971831,0.112676056338028
"adelljo01",0.082089552238806,0.0447761194029851,0.00746268656716418,0.0298507462686567,0.041044776119403,0.399253731343284,0.141791044776119
"adriaeh01",0.0595238095238095,0.0238095238095238,0,0,0.0952380952380952,0.261904761904762,0.154761904761905
"aguilje01",0.0891566265060241,0.0433734939759036,0,0.036144578313253,0.0650602409638554,0.255421686746988,0.156626506024096
"ahmedni01",0.134615384615385,0.0384615384615385,0,0.0576923076923077,0.0384615384615385,0.288461538461538,0.134615384615385
"alberha01",0.0833333333333333,0.0576923076923077,0.0128205128205128,0.0128205128205128,0.0192307692307692,0.16025641025641,0.16025641025641
"albieoz01",0.145748987854251,0.0647773279352227,0,0.0323886639676113,0.0647773279352227,0.190283400809717,0.149797570850202
"alcanse01",0.113207547169811,0.0377358490566038,0.0188679245283019,0.0188679245283019,0.0188679245283019,0.245283018867925,0.113207547169811
"alcanse01",0.145299145299145,0.0512820512820513,0,0.0427350427350427,0.0769230769230769,0.273504273504274,0.170940170940171
"alfarjo01",0.09765625,0.0546875,0,0.02734375,0.04296875,0.3828125,0.1640625
"allengr01",0.144067796610169,0.0338983050847458,0,0.0169491525423729,0.0847457627118644,0.355932203389831,0.135593220338983
"allenni02",0.103678929765886,0.0434782608695652,0,0.0133779264214047,0.0635451505016722,0.214046822742475,0.150501672240803
"almoral01",0.12093023255814,0.0465116279069767,0.00465116279069767,0.0232558139534884,0.0790697674418605,0.213953488372093,0.148837209302326
"alonspe01",0.159128978224456,0.0452261306532663,0,0.067001675041876,0.112227805695142,0.214405360134003,0.159128978224456
"altuvjo01",0.195445920303605,0.0740037950664137,0,0.0531309297912713,0.125237191650854,0.165085388994307,0.172675521821632
"alvaryo01",0.202127659574468,0.0617021276595745,0.00425531914893617,0.0787234042553192,0.165957446808511,0.225531914893617,0.161702127659574
"anderbr06",0.127218934911243,0.0473372781065089,0.0029585798816568,0.0236686390532544,0.109467455621302,0.298816568047337,0.14792899408284
"anderti01",0.150602409638554,0.0391566265060241,0,0.0180722891566265,0.0421686746987952,0.16566265060241,0.243975903614458
"andruel01",0.115819209039548,0.0677966101694915,0,0.0225988700564972,0.0847457627118644,0.175141242937853,0.146892655367232
"andruel01",0.138121546961326,0.0441988950276243,0,0.0497237569060773,0.0497237569060773,0.165745856353591,0.176795580110497
"andujmi01",0.09375,0.0208333333333333,0,0.0104166666666667,0.03125,0.229166666666667,0.197916666666667
"aquinar01",0.0926640926640927,0.0501930501930502,0,0.0386100386100386,0.0656370656370656,0.38996138996139,0.108108108108108
"arandjo01",0.128205128205128,0.0512820512820513,0,0.0256410256410256,0.102564102564103,0.294871794871795,0.115384615384615
"arciaor01",0.119617224880383,0.0430622009569378,0,0.0430622009569378,0.100478468899522,0.244019138755981,0.157894736842105
"arenano01",0.131059245960503,0.0754039497307002,0.00179533213644524,0.0538599640933573,0.0933572710951526,0.129263913824057,0.161579892280072
"arozara01",0.122866894197952,0.0699658703071672,0.00511945392491468,0.0341296928327645,0.0784982935153584,0.266211604095563,0.15358361774744
"arraelu01",0.160877513711152,0.056672760511883,0.00182815356489945,0.0146252285191956,0.0914076782449726,0.0786106032906764,0.243144424131627
"arroych01",0.114285714285714,0.0571428571428571,0.00357142857142857,0.0214285714285714,0.0464285714285714,0.175,0.203571428571429
"astudwi01",0.0925925925925926,0,0,0.0185185185185185,0.0185185185185185,0.0555555555555556,0.222222222222222
"azocajo01",0.118811881188119,0.0445544554455446,0.0148514851485149,0,0.0594059405940594,0.217821782178218,0.198019801980198
"baddoak01",0.149253731343284,0.0149253731343284,0.00995024875621891,0.00995024875621891,0.119402985074627,0.318407960199005,0.169154228855721
"baderha01",0.142276422764228,0.0284552845528455,0.0121951219512195,0.0203252032520325,0.0528455284552846,0.191056910569106,0.195121951219512
"baezja01",0.115315315315315,0.0486486486486487,0.00720720720720721,0.0306306306306306,0.0468468468468468,0.264864864864865,0.151351351351351
"barneau01",0.173184357541899,0.0335195530726257,0,0.0446927374301676,0.150837988826816,0.206703910614525,0.134078212290503
"barnhtu01",0.0569395017793594,0.0355871886120996,0,0.00355871886120996,0.0889679715302491,0.263345195729537,0.181494661921708
"barrelu01",0.038961038961039,0.0649350649350649,0,0.012987012987013,0.0779220779220779,0.220779220779221,0.155844155844156
"bartjo01",0.130268199233716,0.0229885057471264,0,0.0421455938697318,0.0996168582375479,0.42911877394636,0.149425287356322
"beerse01",0.036036036036036,0.027027027027027,0,0.00900900900900901,0.0990990990990991,0.279279279279279,0.153153153153153
"bellico01",0.138888888888889,0.0535714285714286,0.00595238095238095,0.0376984126984127,0.0753968253968254,0.297619047619048,0.113095238095238
"belljo02",0.138666666666667,0.064,0.008,0.0373333333333333,0.130666666666667,0.162666666666667,0.192
"belljo02",0.146892655367232,0.0282485875706215,0,0.0169491525423729,0.180790960451977,0.231638418079096,0.146892655367232
"beltbr01",0.0984251968503937,0.0354330708661417,0.00393700787401575,0.031496062992126,0.145669291338583,0.318897637795276,0.141732283464567
"bemboan01",0.0769230769230769,0.0384615384615385,0,0.0192307692307692,0.115384615384615,0.326923076923077,0.0576923076923077
"beninan01",0.115273775216138,0.0403458213256484,0.00576368876080692,0.00864553314121038,0.112391930835735,0.14985590778098,0.265129682997118
"beninan01",0.12280701754386,0.0789473684210526,0.0087719298245614,0.0175438596491228,0.114035087719298,0.219298245614035,0.149122807017544
"bensowi01",0.145454545454545,0.0181818181818182,0,0,0.0545454545454545,0.345454545454545,0.163636363636364
"bertijo01",0.131284916201117,0.0474860335195531,0.00837988826815642,0.0111731843575419,0.11731843575419,0.248603351955307,0.173184357541899
"bethach01",0.136094674556213,0.0650887573964497,0,0.0236686390532544,0.0591715976331361,0.242603550295858,0.159763313609467
"bethach01",0.10738255033557,0.0402684563758389,0,0.0469798657718121,0.0134228187919463,0.261744966442953,0.167785234899329
"bettsmo01",0.204545454545455,0.0699300699300699,0.00524475524475524,0.0611888111888112,0.0961538461538462,0.181818181818182,0.132867132867133
"bichebo01",0.139570552147239,0.0659509202453988,0.00153374233128834,0.0368098159509202,0.0628834355828221,0.237730061349693,0.18558282208589
"biggica01",0.167315175097276,0.0700389105058366,0.00389105058365759,0.0233463035019455,0.147859922178988,0.330739299610895,0.105058365758755
"blackch02",0.113207547169811,0.0415094339622641,0.0113207547169811,0.030188679245283,0.060377358490566,0.205660377358491,0.181132075471698
"bledajj01",0.102941176470588,0.0490196078431373,0.00980392156862745,0.0245098039215686,0.147058823529412,0.32843137254902,0.0833333333333333
"bogaexa01",0.1508078994614,0.0682226211849192,0,0.0269299820466786,0.102333931777379,0.211849192100539,0.211849192100539
"bohmal01",0.13481228668942,0.0409556313993174,0.00511945392491468,0.0221843003412969,0.052901023890785,0.187713310580205,0.21160409556314
"boltsk01",0.0943396226415094,0.0188679245283019,0,0.0377358490566038,0.0660377358490566,0.283018867924528,0.141509433962264
"boteda01",0.129310344827586,0.0689655172413793,0,0.0344827586206897,0.0517241379310345,0.387931034482759,0.155172413793103
"bouchse01",0.121621621621622,0.0810810810810811,0,0.0405405405405405,0.283783783783784,0.337837837837838,0.175675675675676
"bradlja02",0.0774907749077491,0.0701107011070111,0.003690036900369,0.011070110701107,0.0627306273062731,0.214022140221402,0.125461254612546
"bradlja02",0.123287671232877,0.0547945205479452,0,0.0136986301369863,0.0958904109589041,0.26027397260274,0.10958904109589
"brantmi02",0.11522633744856,0.0576131687242798,0.00411522633744856,0.0205761316872428,0.127572016460905,0.123456790123457,0.205761316872428
"bregmal01",0.16970802919708,0.0693430656934307,0,0.041970802919708,0.158759124087591,0.140510948905109,0.147810218978102
"bridejo01",0.104938271604938,0.0246913580246914,0,0.00617283950617284,0.117283950617284,0.197530864197531,0.172839506172839
"brossmi01",0.106382978723404,0.0354609929078014,0,0.0425531914893617,0.099290780141844,0.340425531914894,0.177304964539007
"brownse01",0.11,0.052,0.006,0.05,0.102,0.292,0.122
"brujavi01",0.0884353741496599,0.0340136054421769,0,0.0204081632653061,0.0816326530612245,0.251700680272109,0.108843537414966
"bryankr01",0.175,0.075,0,0.03125,0.10625,0.16875,0.2
"burdipe01",0.0869565217391304,0.0434782608695652,0,0.0434782608695652,0.0869565217391304,0.380434782608696,0.119565217391304
"burgeja01",0.119047619047619,0.0535714285714286,0.00595238095238095,0.0476190476190476,0.0595238095238095,0.333333333333333,0.142857142857143
"buxtoby01",0.179411764705882,0.0382352941176471,0.00882352941176471,0.0823529411764706,0.1,0.341176470588235,0.0941176470588235
"cabremi01",0.0629722921914358,0.0251889168765743,0,0.0125944584382872,0.0705289672544081,0.254408060453401,0.216624685138539
"cabreos01",0.136363636363636,0.051948051948052,0.00649350649350649,0.038961038961039,0.0974025974025974,0.285714285714286,0.149350649350649
"cainlo01",0.117241379310345,0.0344827586206897,0,0.00689655172413793,0.0551724137931034,0.248275862068966,0.137931034482759
"calhoko01",0.0927835051546392,0.0360824742268041,0.00257731958762887,0.0309278350515464,0.0695876288659794,0.350515463917526,0.126288659793814
"callal01",0.156862745098039,0.0294117647058824,0.00980392156862745,0.0490196078431373,0.107843137254902,0.254901960784314,0.156862745098039
"camarjo01",0.0526315789473684,0.0197368421052632,0,0.0197368421052632,0.0855263157894737,0.243421052631579,0.197368421052632
"camerda01",0.09375,0.046875,0.015625,0.015625,0.078125,0.3125,0.140625
"candeje01",0.114219114219114,0.0442890442890443,0.00466200466200466,0.0303030303030303,0.0652680652680653,0.254079254079254,0.137529137529138
"canhama01",0.153679653679654,0.051948051948052,0,0.0281385281385281,0.103896103896104,0.20995670995671,0.186147186147186
"caratvi01",0.0955882352941176,0.0441176470588235,0,0.0330882352941176,0.113970588235294,0.246323529411765,0.121323529411765
"carlsdy01",0.12962962962963,0.0694444444444444,0.00925925925925926,0.0185185185185185,0.104166666666667,0.217592592592593,0.138888888888889
"carpeke01",0.155339805825243,0.0388349514563107,0.00970873786407767,0.058252427184466,0.058252427184466,0.310679611650485,0.145631067961165
"carpema01",0.21875,0.0703125,0,0.1171875,0.1484375,0.2734375,0.1171875
"carroco02",0.125,0.0865384615384615,0.0192307692307692,0.0384615384615385,0.0769230769230769,0.298076923076923,0.115384615384615
"casalcu01",0.12037037037037,0.0277777777777778,0,0.037037037037037,0.138888888888889,0.333333333333333,0.166666666666667
"casastr01",0.144736842105263,0.0131578947368421,0,0.0657894736842105,0.25,0.302631578947368,0.118421052631579
"casteni01",0.106870229007634,0.0515267175572519,0,0.0248091603053435,0.0553435114503817,0.248091603053435,0.187022900763359
"castidi02",0.106870229007634,0.049618320610687,0,0.0419847328244275,0.0534351145038168,0.286259541984733,0.114503816793893
"castrha01",0.0880952380952381,0.05,0.00476190476190476,0.0166666666666667,0.0404761904761905,0.188095238095238,0.2
"castrja01",0.0769230769230769,0.0256410256410256,0,0.0128205128205128,0.102564102564103,0.512820512820513,0.0769230769230769
"castrro01",0.0988142292490119,0.0316205533596838,0.0158102766798419,0.0434782608695652,0.0869565217391304,0.292490118577075,0.142292490118577
"castrwi01",0.128767123287671,0.0493150684931507,0.00547945205479452,0.0219178082191781,0.0410958904109589,0.224657534246575,0.164383561643836
"caveja01",0.103658536585366,0.0426829268292683,0.0182926829268293,0.0304878048780488,0.0670731707317073,0.298780487804878,0.121951219512195
"celesgi01",0.0964630225080386,0.0385852090032154,0.00321543408360129,0.00643086816720257,0.102893890675241,0.247588424437299,0.189710610932476
"changyu01",0.114583333333333,0.03125,0,0.03125,0.0729166666666667,0.28125,0.197916666666667
"chapmma01",0.154275092936803,0.050185873605948,0.00185873605947955,0.050185873605948,0.12639405204461,0.315985130111524,0.12639405204461
"chavimi01",0.0972568578553616,0.0399002493765586,0.00748129675810474,0.0349127182044888,0.0473815461346633,0.314214463840399,0.14713216957606
"chiriro01",0.0512820512820513,0.0461538461538462,0,0.0205128205128205,0.0974358974358974,0.343589743589744,0.112820512820513
"chishja01",0.183098591549296,0.0469483568075117,0.0187793427230047,0.0657276995305164,0.0985915492957746,0.309859154929577,0.122065727699531
"choiji01",0.101123595505618,0.0617977528089888,0,0.0308988764044944,0.162921348314607,0.345505617977528,0.140449438202247
"clemeer01",0.124137931034483,0.0206896551724138,0,0,0.0758620689655172,0.16551724137931,0.179310344827586
"clemeko01",0.111111111111111,0.0341880341880342,0,0.0427350427350427,0.0683760683760684,0.282051282051282,0.0683760683760684
"colliza01",0.0972222222222222,0.0555555555555556,0,0.0555555555555556,0.0833333333333333,0.430555555555556,0.0833333333333333
"contrma01",0.155172413793103,0.0172413793103448,0,0.0517241379310345,0.0172413793103448,0.362068965517241,0.0517241379310345
"contrwi01",0.15625,0.0552884615384615,0.00480769230769231,0.0528846153846154,0.108173076923077,0.247596153846154,0.129807692307692
"contrwi02",0.152694610778443,0.0419161676646707,0.0029940119760479,0.0598802395209581,0.116766467065868,0.311377245508982,0.173652694610778
"coopega03",0.0893719806763285,0.0797101449275362,0.00483091787439614,0.0217391304347826,0.0966183574879227,0.28743961352657,0.154589371980676
"cordefr02",0.148760330578512,0.0702479338842975,0.00413223140495868,0.0330578512396694,0.115702479338843,0.380165289256198,0.111570247933884
"correca01",0.134099616858238,0.0459770114942529,0.00191570881226054,0.0421455938697318,0.116858237547893,0.231800766283525,0.201149425287356
"crawfbr01",0.122850122850123,0.0368550368550369,0.00491400491400491,0.0221130221130221,0.0958230958230958,0.240786240786241,0.167076167076167
"crawfjp01",0.11003861003861,0.0463320463320463,0.00579150579150579,0.0115830115830116,0.131274131274131,0.154440154440154,0.17953667953668
"croncj01",0.137391304347826,0.048695652173913,0.00521739130434783,0.0504347826086957,0.0747826086956522,0.285217391304348,0.15304347826087
"croneja01",0.149914821124361,0.0511073253833049,0.00681431005110733,0.0289608177172061,0.119250425894378,0.223168654173765,0.151618398637138
"cruzne02",0.111607142857143,0.0357142857142857,0,0.0223214285714286,0.109375,0.265625,0.176339285714286
"cruzon01",0.13595166163142,0.0392749244712991,0.0120845921450151,0.0513595166163142,0.0845921450151057,0.380664652567976,0.129909365558912
"culbech01",0.165217391304348,0.0521739130434783,0,0.0173913043478261,0.0434782608695652,0.269565217391304,0.182608695652174
"dalbebo01",0.126182965299685,0.028391167192429,0.00630914826498423,0.0378548895899054,0.0914826498422713,0.372239747634069,0.141955835962145
"darnatr01",0.154040404040404,0.0631313131313131,0.00252525252525253,0.0454545454545455,0.047979797979798,0.227272727272727,0.156565656565657
"davisjd01",0.143646408839779,0.0441988950276243,0.00552486187845304,0.0220994475138122,0.110497237569061,0.364640883977901,0.165745856353591
"davisjd01",0.145985401459854,0.0583941605839416,0,0.0583941605839416,0.138686131386861,0.408759124087591,0.145985401459854
"davisjo05",0.118421052631579,0.0131578947368421,0,0,0.184210526315789,0.342105263157895,0.210526315789474
"dazayo01",0.150537634408602,0.0564516129032258,0.00537634408602151,0.00537634408602151,0.0698924731182796,0.155913978494624,0.233870967741935
"dejonpa01",0.0904761904761905,0.0428571428571429,0,0.0285714285714286,0.1,0.376190476190476,0.0857142857142857
"delacbr01",0.115501519756839,0.060790273556231,0,0.0395136778115502,0.0577507598784195,0.273556231003039,0.151975683890578
"delayja01",0.109677419354839,0.0387096774193548,0,0.00645161290322581,0.0580645161290323,0.32258064516129,0.167741935483871
"demertr01",0.101123595505618,0.0224719101123595,0,0.0337078651685393,0.0674157303370786,0.359550561797753,0.157303370786517
"deverra01",0.151351351351351,0.0756756756756757,0.0018018018018018,0.0486486486486487,0.0900900900900901,0.205405405405405,0.169369369369369
"diazal02",0.114754098360656,0.0426229508196721,0,0.039344262295082,0.059016393442623,0.173770491803279,0.160655737704918
"diazel01",0.0826210826210826,0.0512820512820513,0.0056980056980057,0.0256410256410256,0.0712250712250712,0.233618233618234,0.145299145299145
"diazle01",0.075,0.025,0,0.03125,0.06875,0.3375,0.1125
"diazya01",0.150105708245243,0.0697674418604651,0,0.0190274841437632,0.164904862579281,0.126849894291755,0.207188160676533
"dickeco01",0.099644128113879,0.0604982206405694,0.00355871886120996,0.0213523131672598,0.0427046263345196,0.170818505338078,0.181494661921708
"donaljo02",0.123430962343096,0.0585774058577406,0,0.0313807531380753,0.112970711297071,0.309623430962343,0.131799163179916
"donovbr01",0.163682864450128,0.0537084398976982,0.00255754475703325,0.0127877237851662,0.153452685421995,0.179028132992327,0.21227621483376
"doziehu01",0.11038961038961,0.0562770562770563,0.00865800865800866,0.025974025974026,0.0735930735930736,0.270562770562771,0.145021645021645
"drurybr01",0.177142857142857,0.0628571428571429,0.00571428571428571,0.0571428571428571,0.0828571428571429,0.24,0.148571428571429
"drurybr01",0.148809523809524,0.0535714285714286,0,0.0476190476190476,0.0535714285714286,0.25,0.136904761904762
"dubonma01",0.106598984771574,0.0406091370558376,0,0.0152284263959391,0.0609137055837563,0.131979695431472,0.152284263959391
"duffyma01",0.0614035087719298,0.0350877192982456,0,0.0087719298245614,0.0745614035087719,0.219298245614035,0.206140350877193
"duranez01",0.120192307692308,0.0480769230769231,0.00480769230769231,0.0240384615384615,0.0576923076923077,0.259615384615385,0.158653846153846
"duranja01",0.112745098039216,0.0686274509803922,0.0147058823529412,0.0147058823529412,0.0686274509803922,0.308823529411765,0.122549019607843
"duvalad01",0.13588850174216,0.0557491289198606,0.00348432055749129,0.0418118466898955,0.0731707317073171,0.35191637630662,0.111498257839721
"eatonna01",0.150943396226415,0.0377358490566038,0.0283018867924528,0.00943396226415094,0.0943396226415094,0.283018867924528,0.188679245283019
"edmanto01",0.164644714038128,0.0537261698440208,0.00693240901213172,0.0225303292894281,0.0797227036395147,0.192374350086655,0.181975736568458
"encarje01",0.0909090909090909,0.038961038961039,0,0.038961038961039,0.038961038961039,0.415584415584416,0.103896103896104
"engelad01",0.130612244897959,0.0530612244897959,0.00408163265306122,0.00816326530612245,0.0448979591836735,0.310204081632653,0.159183673469388
"escobal02",0.0967741935483871,0.032258064516129,0.0161290322580645,0,0.0403225806451613,0.258064516129032,0.169354838709677
"escobed01",0.117171717171717,0.0525252525252525,0.00808080808080808,0.0404040404040404,0.0808080808080808,0.260606060606061,0.139393939393939
"espinsa01",0.11358574610245,0.0556792873051225,0,0.0155902004454343,0.0801781737193764,0.151447661469933,0.195991091314031
"estrath01",0.145491803278689,0.0450819672131148,0.00409836065573771,0.0286885245901639,0.0676229508196721,0.182377049180328,0.182377049180328
"faircst01",0.151162790697674,0.0465116279069767,0.0116279069767442,0.0581395348837209,0.0930232558139535,0.337209302325581,0.162790697674419
"farmeky01",0.110266159695817,0.0475285171102662,0.00190114068441065,0.026615969581749,0.0627376425855513,0.188212927756654,0.178707224334601
"fletcda02",0.0925925925925926,0.0416666666666667,0.00462962962962963,0.00925925925925926,0.0324074074074074,0.0740740740740741,0.199074074074074
"florewi01",0.137142857142857,0.0533333333333333,0.0019047619047619,0.0361904761904762,0.112380952380952,0.196190476190476,0.137142857142857
"fordmi01",0.0879120879120879,0.043956043956044,0,0.032967032967033,0.0879120879120879,0.285714285714286,0.153846153846154
"forteni01",0.188940092165899,0.0276497695852535,0.00460829493087558,0.0414746543778802,0.0829493087557604,0.207373271889401,0.15668202764977
"fraleja01",0.152777777777778,0.0416666666666667,0,0.0555555555555556,0.12037037037037,0.25,0.162037037037037
"francma02",0.0835579514824798,0.0404312668463612,0,0.0242587601078167,0.032345013477089,0.202156334231806,0.164420485175202
"francty01",0.117967332123412,0.0490018148820327,0.00181488203266788,0.0362976406533575,0.0635208711433757,0.17059891107078,0.186932849364791
"francwa01",0.146496815286624,0.0636942675159236,0.00955414012738853,0.0191082802547771,0.0828025477707006,0.105095541401274,0.184713375796178
"fraziad01",0.11275415896488,0.0406654343807763,0.00739371534195933,0.0055452865064695,0.0850277264325323,0.134935304990758,0.184842883548983
"freemfr01",0.191176470588235,0.076797385620915,0.00326797385620915,0.0343137254901961,0.137254901960784,0.166666666666667,0.21078431372549
"freemty01",0.116883116883117,0.038961038961039,0,0,0.051948051948052,0.142857142857143,0.207792207792208
"friedtj01",0.146666666666667,0.0444444444444444,0.0222222222222222,0.0355555555555556,0.0888888888888889,0.177777777777778,0.137777777777778
"gallojo01",0.137339055793991,0.0171673819742489,0.00429184549356223,0.0515021459227468,0.171673819742489,0.454935622317597,0.0858369098712446
"gallojo01",0.136752136752137,0.0341880341880342,0.00854700854700855,0.0598290598290598,0.136752136752137,0.487179487179487,0.0598290598290598
"gamelbe01",0.113207547169811,0.0539083557951483,0.00539083557951483,0.0242587601078167,0.129380053908356,0.264150943396226,0.148247978436658
"garciad02",0.145454545454545,0.056198347107438,0.00826446280991736,0.0446280991735537,0.0661157024793388,0.302479338842975,0.140495867768595
"garciar01",0.0555555555555556,0.0185185185185185,0,0.00925925925925926,0.0277777777777778,0.314814814814815,0.185185185185185
"garciav01",0.0868347338935574,0.0252100840336134,0,0.0224089635854342,0.0476190476190476,0.305322128851541,0.176470588235294
"garcide02",0.112068965517241,0.0517241379310345,0,0.0431034482758621,0.0689655172413793,0.474137931034483,0.112068965517241
"garcijo02",0.0787878787878788,0.0181818181818182,0,0.0121212121212121,0.0545454545454545,0.460606060606061,0.121212121212121
"garcile02",0.126666666666667,0.0266666666666667,0,0.01,0.0233333333333333,0.216666666666667,0.173333333333333
"garcilu04",0.0805555555555556,0.0638888888888889,0.00555555555555556,0.0194444444444444,0.0305555555555556,0.233333333333333,0.186111111111111
"garliky01",0.153333333333333,0.02,0,0.06,0.0533333333333333,0.32,0.153333333333333
"garrest01",0.171052631578947,0.105263157894737,0,0.0526315789473684,0.0394736842105263,0.355263157894737,0.118421052631579
"garvemi01",0.122340425531915,0.0372340425531915,0,0.0531914893617021,0.122340425531915,0.281914893617021,0.117021276595745
"gimenan01",0.134419551934827,0.0529531568228106,0.00610997963340122,0.0346232179226069,0.0692464358452139,0.228105906313646,0.203665987780041
"goldspa01",0.188948306595365,0.0730837789661319,0,0.0623885918003565,0.140819964349376,0.251336898395722,0.181818181818182
"gomesya01",0.0830324909747292,0.0433212996389892,0,0.0288808664259928,0.0288808664259928,0.169675090252708,0.162454873646209
"gonzalu03",0.0996784565916399,0.0546623794212219,0.00643086816720257,0.0128617363344051,0.0964630225080386,0.241157556270096,0.180064308681672
"gonzama01",0.108695652173913,0.0380434782608696,0,0.0326086956521739,0.0760869565217391,0.293478260869565,0.114130434782609
"gonzaos01",0.107734806629834,0.074585635359116,0,0.0303867403314917,0.0414364640883978,0.207182320441989,0.19060773480663
"gonzaro01",0.142857142857143,0.0380952380952381,0.00952380952380952,0.019047619047619,0.019047619047619,0.371428571428571,0.171428571428571
"gordode01",0.101694915254237,0.0169491525423729,0.0169491525423729,0,0,0.135593220338983,0.271186440677966
"gordoni01",0.111111111111111,0.0691358024691358,0.00987654320987654,0.0222222222222222,0.0469135802469136,0.259259259259259,0.17037037037037
"gormano01",0.15547703180212,0.0459363957597173,0,0.049469964664311,0.0989399293286219,0.363957597173145,0.130742049469965
"gosseph01",0.0392156862745098,0,0.0196078431372549,0,0.0196078431372549,0.352941176470588,0.0784313725490196
"gourryu01",0.0972477064220184,0.073394495412844,0,0.0146788990825688,0.055045871559633,0.13394495412844,0.154128440366972
"grandya01",0.0458715596330275,0.0214067278287462,0,0.0152905198776758,0.137614678899083,0.241590214067278,0.165137614678899
"greenri02",0.122340425531915,0.0478723404255319,0.0106382978723404,0.0132978723404255,0.0957446808510638,0.319148936170213,0.180851063829787
"gregodi01",0.0794392523364486,0.0420560747663551,0.0186915887850467,0.00467289719626168,0.0607476635514019,0.168224299065421,0.144859813084112
"grichra01",0.118577075098814,0.041501976284585,0.00592885375494071,0.0375494071146245,0.0474308300395257,0.25098814229249,0.173913043478261
"grishtr01",0.12860310421286,0.0354767184035477,0.00443458980044346,0.0376940133037694,0.126385809312639,0.332594235033259,0.106430155210643
"grissva01",0.170212765957447,0.0425531914893617,0,0.0354609929078014,0.0780141843971631,0.24113475177305,0.212765957446809
"groshjo01",0.147540983606557,0,0,0.0163934426229508,0.0655737704918033,0.213114754098361,0.245901639344262
"grossro01",0.0879120879120879,0.0476190476190476,0.00366300366300366,0.00732600732600733,0.139194139194139,0.32967032967033,0.146520146520147
"grossro01",0.115942028985507,0.0434782608695652,0,0.036231884057971,0.130434782608696,0.282608695652174,0.13768115942029
"guerrvl02",0.141065830721003,0.054858934169279,0,0.0501567398119122,0.0909090909090909,0.181818181818182,0.169278996865204
"guilllu01",0.111111111111111,0.0404040404040404,0.00336700336700337,0.00673400673400673,0.114478114478114,0.154882154882155,0.222222222222222
"gurrilo01",0.114790286975717,0.0706401766004415,0.0022075055187638,0.011037527593819,0.0684326710816777,0.183222958057395,0.207505518763797
"haaseer01",0.126934984520124,0.0526315789473684,0.00309597523219814,0.043343653250774,0.0743034055727554,0.30030959752322,0.154798761609907
"haggesa01",0.164772727272727,0.0511363636363636,0.00568181818181818,0.0284090909090909,0.102272727272727,0.301136363636364,0.170454545454545
"hallda02",0.139705882352941,0.0588235294117647,0.00735294117647059,0.0661764705882353,0.0367647058823529,0.323529411764706,0.117647058823529
"hampsga01",0.14572864321608,0.0351758793969849,0.0150753768844221,0.0100502512562814,0.105527638190955,0.316582914572864,0.150753768844221
"hanigmi01",0.138392857142857,0.0357142857142857,0,0.0491071428571429,0.0892857142857143,0.290178571428571,0.160714285714286
"happia01",0.12565445026178,0.0732984293193717,0.00349040139616056,0.0296684118673647,0.101221640488656,0.260034904013962,0.164048865619546
"harpebr03",0.17027027027027,0.0756756756756757,0.0027027027027027,0.0486486486486487,0.124324324324324,0.235135135135135,0.159459459459459
"harrijo05",0.129533678756477,0.0492227979274611,0.00518134715025907,0.0181347150259067,0.0544041450777202,0.183937823834197,0.183937823834197
"harrimi04",0.181159420289855,0.0652173913043478,0.0072463768115942,0.0458937198067633,0.0507246376811594,0.258454106280193,0.178743961352657
"hayeske01",0.108910891089109,0.0475247524752475,0.00594059405940594,0.0138613861386139,0.0950495049504951,0.241584158415842,0.176237623762376
"haysau01",0.123364485981308,0.0654205607476635,0.00373831775700935,0.0299065420560748,0.0635514018691589,0.213084112149533,0.151401869158879
"hedgeau01",0.0884353741496599,0.0136054421768707,0,0.0238095238095238,0.0850340136054422,0.26530612244898,0.125850340136054
"heimjo01",0.125615763546798,0.0492610837438424,0.00246305418719212,0.0394088669950739,0.100985221674877,0.214285714285714,0.135467980295567
"heinety01",0.0985915492957746,0.0422535211267606,0,0,0.0563380281690141,0.0915492957746479,0.169014084507042
"hendegu01",0.103448275862069,0.0603448275862069,0.00862068965517241,0.0344827586206897,0.137931034482759,0.293103448275862,0.155172413793103
"heredgu01",0.157894736842105,0.0394736842105263,0.0131578947368421,0.0394736842105263,0.0789473684210526,0.421052631578947,0.0657894736842105
"hermomi01",0.114754098360656,0.0327868852459016,0,0,0.114754098360656,0.442622950819672,0.0819672131147541
"hernace02",0.114285714285714,0.05,0.00714285714285714,0.00178571428571429,0.0803571428571429,0.203571428571429,0.189285714285714
"hernaen02",0.132963988919668,0.0664819944598338,0,0.0166204986149584,0.0941828254847645,0.196675900277008,0.138504155124654
"hernate01",0.142284569138277,0.0701402805611222,0.00200400801603206,0.0501002004008016,0.0681362725450902,0.304609218436874,0.144288577154309
"hernaya01",0.0983606557377049,0.0524590163934426,0,0.0295081967213115,0.0622950819672131,0.242622950819672,0.186885245901639
"herrejo04",0.0810810810810811,0.018018018018018,0,0,0.0810810810810811,0.306306306306306,0.171171171171171
"herreod01",0.124324324324324,0.0486486486486487,0.00540540540540541,0.027027027027027,0.0594594594594595,0.227027027027027,0.156756756756757
"heywaja01",0.109489051094891,0.0364963503649635,0.0072992700729927,0.0072992700729927,0.0802919708029197,0.233576642335766,0.153284671532847
"hicksaa01",0.140625,0.0234375,0.00520833333333333,0.0208333333333333,0.161458333333333,0.283854166666667,0.166666666666667
"higasky01",0.117903930131004,0.0305676855895196,0,0.0436681222707424,0.0524017467248908,0.22707423580786,0.152838427947598
"higgipj01",0.114427860696517,0.054726368159204,0.00497512437810945,0.0298507462686567,0.109452736318408,0.288557213930348,0.139303482587065
"hillde01",0.0963855421686747,0.0240963855421687,0,0.0120481927710843,0.0602409638554217,0.337349397590361,0.192771084337349
"hillisa01",0.149425287356322,0.0344827586206897,0.00574712643678161,0.0114942528735632,0.132183908045977,0.327586206896552,0.132183908045977
"hiurake01",0.145299145299145,0.0341880341880342,0.00427350427350427,0.0598290598290598,0.0982905982905983,0.474358974358974,0.128205128205128
"hoernni01",0.124740124740125,0.0457380457380457,0.0103950103950104,0.0207900207900208,0.0582120582120582,0.118503118503119,0.203742203742204
"hoskirh01",0.137521222410866,0.0560271646859083,0.0033955857385399,0.0509337860780985,0.122241086587436,0.286926994906621,0.135823429541596
"hosmeer01",0.0955223880597015,0.0477611940298507,0,0.0238805970149254,0.0985074626865672,0.164179104477612,0.2
"huffsa01",0.0743801652892562,0.0330578512396694,0,0.0330578512396694,0.0909090909090909,0.347107438016529,0.173553719008264
"hummeco01",0.113636363636364,0.0454545454545455,0.0170454545454545,0.0170454545454545,0.130681818181818,0.363636363636364,0.0965909090909091
"ibanean01",0.109243697478992,0.0336134453781513,0,0.00840336134453781,0.0756302521008403,0.176470588235294,0.176470588235294
"iglesjo01",0.109339407744875,0.0683371298405467,0,0.00683371298405467,0.0387243735763098,0.127562642369021,0.216400911161731
"indiajo01",0.124352331606218,0.0414507772020725,0.00518134715025907,0.0259067357512953,0.0803108808290155,0.243523316062176,0.176165803108808
"isbelky01",0.125,0.0390625,0.015625,0.01953125,0.0625,0.29296875,0.13671875
"jankotr01",0.203703703703704,0,0,0,0.148148148148148,0.166666666666667,0.166666666666667
"janseda01",0.158139534883721,0.0465116279069767,0,0.0697674418604651,0.116279069767442,0.204651162790698,0.144186046511628
"jeffery01",0.117924528301887,0.0471698113207547,0.00471698113207547,0.0330188679245283,0.108490566037736,0.292452830188679,0.122641509433962
"jimenel02",0.136986301369863,0.0410958904109589,0,0.0547945205479452,0.0958904109589041,0.246575342465753,0.198630136986301
"joeco01",0.138613861386139,0.0495049504950495,0.0099009900990099,0.0173267326732673,0.136138613861386,0.24009900990099,0.160891089108911
"jonesno01",0.116279069767442,0.0581395348837209,0,0.0232558139534884,0.0930232558139535,0.36046511627907,0.162790697674419
"judgeaa01",0.233333333333333,0.0491228070175439,0,0.108771929824561,0.194736842105263,0.307017543859649,0.152631578947368
"jungjo01",0.0918367346938776,0.0408163265306122,0.0102040816326531,0.0510204081632653,0.0408163265306122,0.397959183673469,0.102040816326531
"kelenja01",0.122699386503067,0.0306748466257669,0.00613496932515337,0.0429447852760736,0.098159509202454,0.374233128834356,0.0613496932515337
"kellyca02",0.126182965299685,0.056782334384858,0,0.0220820189274448,0.0914826498422713,0.22397476340694,0.132492113564669
"kempto01",0.122736418511066,0.0482897384305835,0.00402414486921529,0.0140845070422535,0.0905432595573441,0.138832997987928,0.169014084507042
"kennebu01",0.120481927710843,0.0240963855421687,0.0240963855421687,0.0120481927710843,0.0963855421686747,0.27710843373494,0.156626506024096
"keplema01",0.139175257731959,0.0463917525773196,0.00257731958762887,0.0231958762886598,0.126288659793814,0.170103092783505,0.154639175257732
"kiermke01",0.135922330097087,0.0388349514563107,0,0.0339805825242718,0.0679611650485437,0.296116504854369,0.155339805825243
"kimha01",0.112185686653772,0.0560928433268859,0.00580270793036751,0.0212765957446809,0.0986460348162476,0.193423597678917,0.168278529980658
"kineris01",0.136645962732919,0.041407867494824,0,0.0082815734989648,0.072463768115942,0.149068322981366,0.211180124223602
"kirilal01",0.0972222222222222,0.0486111111111111,0,0.0208333333333333,0.0347222222222222,0.25,0.180555555555556
"kirkal01",0.125531914893617,0.0404255319148936,0,0.0297872340425532,0.134042553191489,0.123404255319149,0.214893617021277
"kniznan01",0.107692307692308,0.0384615384615385,0,0.0153846153846154,0.1,0.238461538461538,0.161538461538462
"kreidry01",0.10958904109589,0.0136986301369863,0,0.0136986301369863,0.0821917808219178,0.301369863013699,0.150684931506849
"kwanst01",0.158081705150977,0.044404973357016,0.0124333925399645,0.0106571936056838,0.1101243339254,0.106571936056838,0.230905861456483
"lagarju01",0.0666666666666667,0.0333333333333333,0.0166666666666667,0,0.0333333333333333,0.25,0.133333333333333
"lambja01",0.149253731343284,0.0746268656716418,0.0149253731343284,0.0298507462686567,0.119402985074627,0.358208955223881,0.119402985074627
"langesh01",0.0985915492957746,0.0704225352112676,0.00704225352112676,0.0422535211267606,0.0633802816901408,0.373239436619718,0.0985915492957746
"larnatr01",0.1375,0.08125,0,0.03125,0.1125,0.35625,0.11875
"lasteto01",0.0944444444444444,0.0777777777777778,0,0.0111111111111111,0.0611111111111111,0.166666666666667,0.15
"laurera01",0.141618497109827,0.0520231213872832,0,0.0375722543352601,0.0722543352601156,0.300578034682081,0.121387283236994
"leblach01",0.115384615384615,0.0641025641025641,0,0.0256410256410256,0.0769230769230769,0.33974358974359,0.173076923076923
"lemahdj01",0.158458244111349,0.0385438972162741,0,0.0256959314775161,0.143468950749465,0.15203426124197,0.197002141327623
"leonsa01",0.107142857142857,0.0535714285714286,0,0,0.125,0.410714285714286,0.125
"lewisky01",0.107142857142857,0,0,0.0535714285714286,0.0892857142857143,0.339285714285714,0.0892857142857143
"lindofr01",0.155555555555556,0.0396825396825397,0.00793650793650794,0.0412698412698413,0.0936507936507937,0.211111111111111,0.180952380952381
"longoev01",0.116541353383459,0.0488721804511278,0,0.0526315789473684,0.101503759398496,0.31203007518797,0.142857142857143
"lopezal03",0.103448275862069,0.0344827586206897,0.00689655172413793,0.00689655172413793,0.0620689655172414,0.144827586206897,0.213793103448276
"lopezni01",0.11697247706422,0.0275229357798165,0.00917431192660551,0,0.0665137614678899,0.144495412844037,0.190366972477064
"lowebr01",0.131914893617021,0.0425531914893617,0.00851063829787234,0.0340425531914894,0.114893617021277,0.259574468085106,0.136170212765957
"lowejo01",0.132596685082873,0.0662983425414365,0.0110497237569061,0.0110497237569061,0.0828729281767956,0.364640883977901,0.132596685082873
"lowena01",0.124789207419899,0.0438448566610455,0.00505902192242833,0.045531197301855,0.0809443507588533,0.247892074198988,0.207419898819562
"lowrije01",0.0838323353293413,0.029940119760479,0,0.0179640718562874,0.0898203592814371,0.233532934131737,0.131736526946108
"luplojo01",0.126829268292683,0.024390243902439,0,0.0536585365853659,0.121951219512195,0.292682926829268,0.0975609756097561
"luxga01",0.156769596199525,0.0475059382422803,0.0166270783847981,0.0142517814726841,0.111638954869359,0.225653206650831,0.197149643705463
"machama01",0.173010380622837,0.0640138408304498,0.00173010380622837,0.055363321799308,0.108996539792388,0.230103806228374,0.176470588235294
"machivi01",0.116591928251121,0.0538116591928251,0,0.00448430493273543,0.112107623318386,0.210762331838565,0.161434977578475
"madribl01",0.0884955752212389,0.0619469026548673,0,0.00884955752212389,0.0884955752212389,0.274336283185841,0.106194690265487
"madrini01",0.0909090909090909,0.0334928229665072,0,0,0.0669856459330144,0.129186602870813,0.215311004784689
"mailelu01",0.104972375690608,0.0552486187845304,0,0.0165745856353591,0.104972375690608,0.298342541436464,0.149171270718232
"maldoma01",0.116279069767442,0.0348837209302326,0,0.0436046511627907,0.063953488372093,0.337209302325581,0.107558139534884
"mancitr01",0.110169491525424,0.0451977401129944,0.00282485875706215,0.0282485875706215,0.0988700564971751,0.242937853107345,0.192090395480226
"mancitr01",0.103030303030303,0.0424242424242424,0,0.0484848484848485,0.109090909090909,0.296969696969697,0.0848484848484849
"marcatu01",0.1125,0.0375,0.0125,0.0125,0.0625,0.275,0.14375
"margoma01",0.107142857142857,0.0535714285714286,0.00595238095238095,0.0119047619047619,0.0714285714285714,0.202380952380952,0.202380952380952
"marisja01",0.116883116883117,0.0779220779220779,0,0.025974025974026,0.051948051948052,0.311688311688312,0.12987012987013
"marshbr02",0.116438356164384,0.0308219178082192,0.00684931506849315,0.0273972602739726,0.0753424657534247,0.400684931506849,0.160958904109589
"marshbr02",0.113636363636364,0.0681818181818182,0.0151515151515152,0.0227272727272727,0.0454545454545455,0.310606060606061,0.181818181818182
"marteke01",0.138211382113821,0.0853658536585366,0.0040650406504065,0.024390243902439,0.111788617886179,0.205284552845528,0.126016260162602
"martest01",0.163090128755365,0.0515021459227468,0.0107296137339056,0.0343347639484979,0.055793991416309,0.208154506437768,0.195278969957082
"martijd02",0.142589118198874,0.0806754221388368,0.00187617260787992,0.0300187617260788,0.0975609756097561,0.272045028142589,0.161350844277674
"massemi02",0.092485549132948,0.0520231213872832,0.00578034682080925,0.023121387283237,0.0520231213872832,0.265895953757225,0.161849710982659
"mateojo01",0.12753036437247,0.0506072874493927,0.01417004048583,0.0263157894736842,0.0546558704453441,0.297570850202429,0.129554655870445
"mathima01",0.169230769230769,0.0461538461538462,0,0.0769230769230769,0.138461538461538,0.4,0.153846153846154
"matijjj01",0.104477611940299,0.0298507462686567,0,0.0298507462686567,0.0298507462686567,0.373134328358209,0.149253731343284
"matonni01",0.180555555555556,0.0277777777777778,0.0138888888888889,0.0694444444444444,0.138888888888889,0.402777777777778,0.138888888888889
"mayfija01",0.114285714285714,0.0142857142857143,0.0142857142857143,0.0142857142857143,0.0428571428571429,0.242857142857143,0.142857142857143
"mazarno01",0.10062893081761,0.050314465408805,0,0.0125786163522013,0.0628930817610063,0.251572327044025,0.20125786163522
"mazeipa01",0.0588235294117647,0.0588235294117647,0,0.0147058823529412,0.0294117647058824,0.132352941176471,0.117647058823529
"mccanja02",0.109195402298851,0.0344827586206897,0,0.0172413793103448,0.0632183908045977,0.264367816091954,0.14367816091954
"mccarja02",0.165109034267913,0.0498442367601246,0.00934579439252336,0.0249221183800623,0.0716510903426791,0.236760124610592,0.199376947040498
"mccorch01",0.13091922005571,0.0334261838440111,0.00557103064066852,0.0389972144846797,0.128133704735376,0.295264623955432,0.167130919220056
"mccutan01",0.128155339805825,0.0485436893203883,0,0.0330097087378641,0.110679611650485,0.240776699029126,0.155339805825243
"mcguire01",0.0794701986754967,0.0596026490066225,0,0,0.0397350993377483,0.218543046357616,0.165562913907285
"mcguire01",0.13265306122449,0.0510204081632653,0.0102040816326531,0.0306122448979592,0.0612244897959184,0.23469387755102,0.244897959183673
"mckenry01",0.147435897435897,0.0641025641025641,0,0.0128205128205128,0.0705128205128205,0.352564102564103,0.16025641025641
"mckinbi01",0.0576923076923077,0.0192307692307692,0,0.0192307692307692,0.0769230769230769,0.307692307692308,0.0576923076923077
"mckinza01",0.109677419354839,0.0387096774193548,0.0193548387096774,0.0258064516129032,0.0838709677419355,0.309677419354839,0.12258064516129
"mcmahry01",0.126654064272212,0.0434782608695652,0.0056710775047259,0.0378071833648393,0.113421550094518,0.298676748582231,0.158790170132325
"mcneije01",0.136960600375235,0.0731707317073171,0.00187617260787992,0.0168855534709193,0.075046904315197,0.114446529080675,0.234521575984991
"meadoau01",0.0703125,0.046875,0.015625,0,0.125,0.1328125,0.1875
"mejiafr01",0.110726643598616,0.0761245674740484,0,0.0207612456747405,0.0242214532871972,0.224913494809689,0.145328719723183
"melenmj01",0.123913043478261,0.0456521739130435,0.00652173913043478,0.0391304347826087,0.143478260869565,0.284782608695652,0.126086956521739
"mendida01",0.22680412371134,0.0412371134020619,0.0103092783505155,0.0309278350515464,0.0721649484536082,0.237113402061856,0.206185567010309
"menesjo01",0.148648648648649,0.0630630630630631,0,0.0585585585585586,0.0675675675675676,0.234234234234234,0.202702702702703
"mercaos01",0.149122807017544,0.0526315789473684,0.0087719298245614,0.0350877192982456,0.0263157894736842,0.236842105263158,0.105263157894737
"merceye01",0.123287671232877,0.0684931506849315,0,0.0136986301369863,0.123287671232877,0.232876712328767,0.150684931506849
"merriwh01",0.133159268929504,0.0600522193211488,0.00261096605744125,0.0156657963446475,0.0783289817232376,0.159268929503916,0.161879895561358
"merriwh01",0.15702479338843,0.0413223140495868,0,0.0413223140495868,0.0661157024793388,0.198347107438017,0.198347107438017
"meyerja02",0.0866666666666667,0.04,0.0133333333333333,0.00666666666666667,0.0466666666666667,0.36,0.166666666666667
"millebr02",0.0900900900900901,0.0135135135135135,0,0.0315315315315315,0.0810810810810811,0.315315315315315,0.166666666666667
"milleow01",0.125,0.0613207547169811,0.00235849056603774,0.0141509433962264,0.0754716981132075,0.219339622641509,0.165094339622642
"miranjo01",0.101351351351351,0.0563063063063063,0,0.0337837837837838,0.0630630630630631,0.204954954954955,0.177927927927928
"mitchca01",0.0990566037735849,0.0518867924528302,0,0.0235849056603774,0.0849056603773585,0.245283018867925,0.150943396226415
"mitchga01",0.147540983606557,0.0491803278688525,0,0.0327868852459016,0.0983606557377049,0.459016393442623,0.229508196721311
"molinya01",0.0725190839694656,0.0305343511450382,0,0.0190839694656489,0.0190839694656489,0.152671755725191,0.16412213740458
"moncayo01",0.103274559193955,0.0453400503778338,0.00251889168765743,0.0302267002518892,0.0806045340050378,0.287153652392947,0.133501259445844
"moniami01",0.15,0.0333333333333333,0.0166666666666667,0.05,0.0166666666666667,0.416666666666667,0.1
"monteel01",0.119318181818182,0.0852272727272727,0.00568181818181818,0.0340909090909091,0.0454545454545455,0.340909090909091,0.107954545454545
"mooredy01",0.2,0.0536585365853659,0.00975609756097561,0.0292682926829268,0.165853658536585,0.365853658536585,0.131707317073171
"moranco01",0.100917431192661,0.0275229357798165,0,0.0458715596330275,0.146788990825688,0.275229357798165,0.137614678899083
"morelch01",0.145118733509235,0.050131926121372,0.0105540897097625,0.0422163588390501,0.100263852242744,0.361477572559367,0.131926121372032
"morenga01",0.144927536231884,0.0144927536231884,0,0.0144927536231884,0.0579710144927536,0.115942028985507,0.289855072463768
"mountry01",0.111711711711712,0.0504504504504504,0.0018018018018018,0.0396396396396396,0.0774774774774775,0.277477477477477,0.158558558558559
"moustmi01",0.119047619047619,0.0476190476190476,0,0.0277777777777778,0.0952380952380952,0.297619047619048,0.138888888888889
"mullice01",0.146381578947368,0.0526315789473684,0.00657894736842105,0.0263157894736842,0.0773026315789474,0.207236842105263,0.172697368421053
"muncyma01",0.148706896551724,0.0474137931034483,0.0021551724137931,0.0452586206896552,0.193965517241379,0.303879310344828,0.101293103448276
"munozya01",0.12280701754386,0.0350877192982456,0,0.0526315789473684,0.0526315789473684,0.175438596491228,0.12280701754386
"murphse01",0.124767225325885,0.068901303538175,0.0037243947858473,0.0335195530726257,0.104283054003724,0.230912476722533,0.143389199255121
"myerswi01",0.111111111111111,0.0574712643678161,0,0.0268199233716475,0.0804597701149425,0.329501915708812,0.176245210727969
"naquity01",0.155080213903743,0.0641711229946524,0.0106951871657754,0.0374331550802139,0.0695187165775401,0.283422459893048,0.133689839572193
"naquity01",0.146341463414634,0.0569105691056911,0.016260162601626,0.032520325203252,0.0487804878048781,0.32520325203252,0.0975609756097561
"narvaom01",0.0801526717557252,0.0458015267175573,0.00381679389312977,0.0152671755725191,0.110687022900763,0.217557251908397,0.141221374045802
"naylojo01",0.10467706013363,0.0623608017817372,0,0.044543429844098,0.0846325167037862,0.178173719376392,0.149220489977728
"neusesh01",0.0922509225092251,0.014760147601476,0.00738007380073801,0.014760147601476,0.0738007380073801,0.29520295202952,0.177121771217712
"nevinty01",0.10828025477707,0.0254777070063694,0,0.0127388535031847,0.127388535031847,0.292993630573248,0.159235668789809
"newmake01",0.107638888888889,0.0625,0.00694444444444444,0.00694444444444444,0.0555555555555556,0.166666666666667,0.197916666666667
"nidoto01",0.109154929577465,0.0528169014084507,0,0.0105633802816901,0.0492957746478873,0.267605633802817,0.176056338028169
"nimmobr01",0.175862068965517,0.0517241379310345,0.0120689655172414,0.0275862068965517,0.122413793103448,0.2,0.182758620689655
"nolaau01",0.115273775216138,0.0432276657060519,0,0.0115273775216138,0.0979827089337176,0.172910662824208,0.195965417867435
"nootbla01",0.182758620689655,0.0551724137931034,0.0103448275862069,0.0482758620689655,0.175862068965517,0.244827586206897,0.113793103448276
"odorro01",0.115023474178404,0.0446009389671361,0.00704225352112676,0.0305164319248826,0.0751173708920188,0.255868544600939,0.124413145539906
"ohearry01",0.104477611940299,0.0447761194029851,0.00746268656716418,0.00746268656716418,0.0597014925373134,0.261194029850746,0.17910447761194
"ohtansh01",0.15358361774744,0.0511945392491468,0.0102389078498294,0.0580204778156997,0.122866894197952,0.274744027303754,0.15358361774744
"olivaed02",0.149068322981366,0.0496894409937888,0,0.0248447204968944,0.062111801242236,0.22360248447205,0.211180124223602
"olsonma02",0.13961038961039,0.0714285714285714,0,0.0551948051948052,0.121753246753247,0.275974025974026,0.113636363636364
"oneilty01",0.167664670658683,0.0329341317365269,0.0029940119760479,0.0419161676646707,0.11377245508982,0.308383233532934,0.149700598802395
"ortegra01",0.110759493670886,0.0443037974683544,0.00316455696202532,0.0221518987341772,0.139240506329114,0.234177215189873,0.170886075949367
"owingch01",0.107142857142857,0.0357142857142857,0,0,0.178571428571429,0.428571428571429,0.0714285714285714
"ozunama01",0.119148936170213,0.0404255319148936,0,0.048936170212766,0.0659574468085106,0.259574468085106,0.136170212765957
"pachecr01",0.0746887966804979,0.020746887966805,0.00829875518672199,0.012448132780083,0.0622406639004149,0.29045643153527,0.12448132780083
"palacje01",0.114285714285714,0,0,0.0285714285714286,0.0571428571428571,0.385714285714286,0.114285714285714
"palacri01",0.0625,0.0535714285714286,0,0,0.0803571428571429,0.178571428571429,0.178571428571429
"papiemi01",0.0731707317073171,0.0121951219512195,0,0.0121951219512195,0.109756097560976,0.268292682926829,0.134146341463415
"paredis01",0.145015105740181,0.0483383685800604,0,0.0604229607250755,0.132930513595166,0.202416918429003,0.0966767371601208
"parkho01",0.137254901960784,0.0392156862745098,0,0.0392156862745098,0.0784313725490196,0.294117647058824,0.137254901960784
"pasquvi01",0.0968992248062016,0.0387596899224806,0,0.0387596899224806,0.135658914728682,0.131782945736434,0.217054263565891
"pederjo01",0.15,0.05,0.00789473684210526,0.0605263157894737,0.110526315789474,0.263157894736842,0.155263157894737
"penaje02",0.138195777351248,0.0383877159309021,0.00383877159309021,0.0422264875239923,0.0422264875239923,0.259117082533589,0.168905950095969
"peralda01",0.10431654676259,0.0683453237410072,0.00719424460431655,0.0431654676258993,0.0971223021582734,0.266187050359712,0.129496402877698
"peralda01",0.062111801242236,0.0683229813664596,0.0062111801242236,0,0.0869565217391304,0.248447204968944,0.180124223602484
"perdoge01",0.134570765661253,0.0232018561484919,0.00464037122969838,0.0116009280742459,0.116009280742459,0.238979118329466,0.155452436194896
"perezmi03",0.0747663551401869,0,0,0.0560747663551402,0.0747663551401869,0.242990654205607,0.0934579439252336
"perezro02",0.133333333333333,0.0333333333333333,0,0.0333333333333333,0.15,0.416666666666667,0.166666666666667
"perezsa02",0.107865168539326,0.051685393258427,0.00224719101123596,0.051685393258427,0.0404494382022472,0.244943820224719,0.148314606741573
"peterja01",0.152777777777778,0.0486111111111111,0.00694444444444444,0.0277777777777778,0.114583333333333,0.295138888888889,0.152777777777778
"phamth01",0.167647058823529,0.0323529411764706,0.00294117647058824,0.0323529411764706,0.123529411764706,0.294117647058824,0.170588235294118
"phamth01",0.149532710280374,0.0560747663551402,0,0.0280373831775701,0.0654205607476635,0.313084112149533,0.149532710280374
"phillbr02",0.114130434782609,0.0217391304347826,0,0.0271739130434783,0.0869565217391304,0.46195652173913,0.0978260869565217
"pindech01",0.105263157894737,0.0498614958448753,0,0.0332409972299169,0.038781163434903,0.326869806094183,0.152354570637119
"pintore02",0.0625,0.0375,0,0.025,0.025,0.4375,0.15
"piscost01",0.0952380952380952,0.0317460317460317,0,0.0396825396825397,0.0714285714285714,0.380952380952381,0.119047619047619
"plaweke01",0.0955414012738854,0.0509554140127389,0,0.00636942675159236,0.089171974522293,0.178343949044586,0.159235668789809
"polanjo01",0.144,0.0426666666666667,0,0.0426666666666667,0.170666666666667,0.253333333333333,0.149333333333333
"polloaj01",0.124744376278119,0.0531697341513292,0.00204498977505112,0.0286298568507157,0.065439672801636,0.20040899795501,0.161554192229039
"prattni01",0.113924050632911,0.0569620253164557,0.00632911392405063,0.0443037974683544,0.120253164556962,0.417721518987342,0.0759493670886076
"profaju01",0.142608695652174,0.0626086956521739,0.00347826086956522,0.0260869565217391,0.12695652173913,0.179130434782609,0.151304347826087
"pujolal01",0.136807817589577,0.0456026058631922,0,0.0781758957654723,0.0912052117263844,0.179153094462541,0.146579804560261
"raleica01",0.124324324324324,0.0540540540540541,0.0027027027027027,0.072972972972973,0.102702702702703,0.32972972972973,0.0810810810810811
"raleylu01",0.114754098360656,0.0327868852459016,0,0.0163934426229508,0.114754098360656,0.39344262295082,0.147540983606557
"ramirha02",0.114143920595533,0.0595533498759305,0,0.0148883374689826,0.0471464019851117,0.178660049627792,0.225806451612903
"ramirjo01",0.149750415973378,0.0732113144758735,0.00831946755407654,0.0482529118136439,0.114808652246256,0.136439267886855,0.149750415973378
"realmjt01",0.148809523809524,0.0515873015873016,0.00992063492063492,0.0436507936507936,0.0813492063492064,0.236111111111111,0.170634920634921
"refsnro01",0.163398692810458,0.0718954248366013,0,0.0392156862745098,0.0980392156862745,0.300653594771242,0.196078431372549
"rendoan01",0.0903614457831325,0.0602409638554217,0,0.0301204819277108,0.13855421686747,0.210843373493976,0.13855421686747
"renfrhu01",0.130801687763713,0.0485232067510548,0.00210970464135021,0.0611814345991561,0.0822784810126582,0.255274261603376,0.143459915611814
"rengilu01",0.0920245398773006,0.0449897750511247,0.0081799591002045,0.0347648261758691,0.0347648261758691,0.161554192229039,0.175869120654397
"reyesfr01",0.091254752851711,0.0342205323193916,0,0.0342205323193916,0.0532319391634981,0.395437262357414,0.144486692015209
"reyesfr01",0.108571428571429,0.0457142857142857,0.0114285714285714,0.0285714285714286,0.0914285714285714,0.302857142857143,0.148571428571429
"reyesvi01",0.0857142857142857,0.0603174603174603,0.00952380952380952,0.00952380952380952,0.0412698412698413,0.244444444444444,0.174603174603175
"reynobr01",0.136531365313653,0.0350553505535055,0.00738007380073801,0.0498154981549815,0.103321033210332,0.260147601476015,0.169741697416974
"reynoma03",0.127049180327869,0.040983606557377,0.00409836065573771,0.0122950819672131,0.10655737704918,0.319672131147541,0.188524590163934
"rileyau01",0.146341463414634,0.0634146341463415,0.0032520325203252,0.0617886178861789,0.0926829268292683,0.273170731707317,0.144715447154472
"riosed01",0.13953488372093,0.0116279069767442,0,0.0813953488372093,0.0581395348837209,0.418604651162791,0.151162790697674
"rivasal01",0.107569721115538,0.0199203187250996,0.00796812749003984,0.0119521912350598,0.115537848605578,0.346613545816733,0.195219123505976
"riverem01",0.121212121212121,0.0404040404040404,0.0151515151515152,0.0303030303030303,0.0555555555555556,0.232323232323232,0.151515151515152
"riverem01",0.166666666666667,0.0606060606060606,0,0.0454545454545455,0.0909090909090909,0.28030303030303,0.121212121212121
"rizzoan01",0.165591397849462,0.0451612903225806,0.0021505376344086,0.0688172043010753,0.124731182795699,0.217204301075269,0.10752688172043
"roberlu01",0.142105263157895,0.0473684210526316,0,0.0315789473684211,0.0447368421052632,0.202631578947368,0.205263157894737
"robinch03",0.0508474576271186,0.0338983050847458,0,0.0338983050847458,0,0.288135593220339,0.0677966101694915
"roblevi01",0.114754098360656,0.0273224043715847,0.00546448087431694,0.0163934426229508,0.046448087431694,0.284153005464481,0.174863387978142
"rodgebr02",0.136622390891841,0.0569259962049336,0.00569259962049336,0.0246679316888046,0.0872865275142315,0.191650853889943,0.178368121442125
"rodriju01",0.164383561643836,0.0489236790606654,0.00587084148727984,0.0547945205479452,0.0782778864970646,0.283757338551859,0.174168297455969
"rojasjo01",0.148984198645598,0.0564334085778781,0.00225733634311512,0.0203160270880361,0.124153498871332,0.221218961625282,0.18961625282167
"rojasjo02",0.0178571428571429,0.0357142857142857,0,0,0,0.339285714285714,0.0892857142857143
"rojasmi02",0.0721868365180467,0.0403397027600849,0.00424628450106157,0.0127388535031847,0.0552016985138004,0.129511677282378,0.178343949044586
"rominau01",0.0842105263157895,0.0210526315789474,0,0.0315789473684211,0.0210526315789474,0.378947368421053,0.0947368421052632
"rosaram01",0.135007849293564,0.0408163265306122,0.0141287284144427,0.0172684458398744,0.0392464678178964,0.17425431711146,0.210361067503925
"rosared01",0.108,0.048,0.004,0.02,0.068,0.272,0.14
"rufda01",0.171641791044776,0.0335820895522388,0,0.041044776119403,0.149253731343284,0.317164179104478,0.141791044776119
"rufda01",0.0909090909090909,0.0454545454545455,0,0,0.0757575757575758,0.303030303030303,0.106060606060606
"ruizke01",0.083756345177665,0.0558375634517767,0,0.0177664974619289,0.0761421319796954,0.126903553299492,0.177664974619289
"rutscad01",0.175879396984925,0.0879396984924623,0.00251256281407035,0.0326633165829146,0.163316582914573,0.21608040201005,0.130653266331658
"sanchga02",0.100238663484487,0.0572792362768496,0,0.0381861575178998,0.0954653937947494,0.324582338902148,0.109785202863962
"sanchje02",0.121405750798722,0.0447284345047923,0.00958466453674121,0.0415335463258786,0.0830670926517572,0.293929712460064,0.118210862619808
"sanomi01",0.0166666666666667,0,0,0.0166666666666667,0.15,0.416666666666667,0.0666666666666667
"santaan02",0.13588850174216,0.0418118466898955,0,0.0574912891986063,0.0958188153310105,0.212543554006969,0.141114982578397
"santaca01",0.0965909090909091,0.0568181818181818,0,0.0227272727272727,0.204545454545455,0.159090909090909,0.136363636363636
"santaca01",0.137254901960784,0.0313725490196078,0,0.0588235294117647,0.137254901960784,0.235294117647059,0.101960784313725
"schoojo01",0.0997920997920998,0.0478170478170478,0.00207900207900208,0.0228690228690229,0.0395010395010395,0.222453222453222,0.128898128898129
"schwaky01",0.173310225303293,0.0363951473136915,0.00519930675909879,0.0797227036395147,0.149046793760832,0.346620450606586,0.097053726169844
"schwifr01",0.0848708487084871,0.040590405904059,0,0.029520295202952,0.0701107011070111,0.214022140221402,0.158671586715867
"seageco01",0.153456998313659,0.0404721753794266,0.00168634064080944,0.0556492411467116,0.0978077571669477,0.173693086003373,0.146711635750422
"segurje01",0.127118644067797,0.0254237288135593,0,0.0282485875706215,0.0706214689265537,0.163841807909605,0.22316384180791
"semiema01",0.153729071537291,0.0471841704718417,0.0076103500761035,0.0395738203957382,0.0806697108066971,0.182648401826484,0.153729071537291
"senzeni01",0.120643431635389,0.0348525469168901,0,0.0134048257372654,0.0804289544235925,0.203753351206434,0.18230563002681
"servebr01",0.101604278074866,0.0213903743315508,0.0053475935828877,0.0320855614973262,0.0695187165775401,0.235294117647059,0.144385026737968
"sheetga01",0.0901856763925729,0.0503978779840849,0,0.0397877984084881,0.0716180371352785,0.228116710875332,0.151193633952255
"sierrma01",0.0769230769230769,0.010989010989011,0.032967032967033,0,0.043956043956044,0.274725274725275,0.120879120879121
"simmoan01",0.106666666666667,0.0133333333333333,0,0,0.0933333333333333,0.173333333333333,0.16
"sirijo01",0.133333333333333,0.0296296296296296,0.0148148148148148,0.0222222222222222,0.0666666666666667,0.355555555555556,0.111111111111111
"sirijo01",0.210843373493976,0.0542168674698795,0,0.0240963855421687,0.0662650602409639,0.36144578313253,0.162650602409639
"slateau01",0.176895306859206,0.0541516245487365,0.0072202166064982,0.0252707581227437,0.144404332129964,0.32129963898917,0.176895306859206
"smithdo02",0.082089552238806,0.0746268656716418,0.00746268656716418,0,0.0895522388059701,0.276119402985075,0.111940298507463
"smithjo09",0.107981220657277,0.0234741784037559,0,0.00938967136150235,0.131455399061033,0.234741784037559,0.164319248826291
"smithke05",0.0647482014388489,0.0647482014388489,0.00719424460431655,0.0143884892086331,0.0503597122302158,0.302158273381295,0.0935251798561151
"smithpa04",0.0979591836734694,0.036734693877551,0,0.036734693877551,0.114285714285714,0.273469387755102,0.146938775510204
"smithwi05",0.133858267716535,0.0511811023622047,0.00590551181102362,0.047244094488189,0.110236220472441,0.188976377952756,0.155511811023622
"solakni01",0.170731707317073,0.0121951219512195,0,0.0365853658536585,0.0853658536585366,0.231707317073171,0.158536585365854
"solando01",0.079136690647482,0.0575539568345324,0,0.0143884892086331,0.0683453237410072,0.219424460431655,0.212230215827338
"solerjo01",0.118518518518519,0.0481481481481481,0,0.0481481481481481,0.114814814814815,0.333333333333333,0.111111111111111
"sosaed01",0.139344262295082,0.0327868852459016,0.0245901639344262,0,0.0327868852459016,0.311475409836066,0.131147540983607
"sosaed01",0.166666666666667,0.12962962962963,0.0185185185185185,0.037037037037037,0.0185185185185185,0.222222222222222,0.12962962962963
"sotoju01",0.181286549707602,0.0497076023391813,0.00292397660818713,0.0614035087719298,0.266081871345029,0.181286549707602,0.131578947368421
"sotoju01",0.17032967032967,0.043956043956044,0.00549450549450549,0.032967032967033,0.241758241758242,0.186813186813187,0.153846153846154
"sotoli01",0.163636363636364,0.0909090909090909,0.0181818181818182,0.0181818181818182,0.0363636363636364,0.236363636363636,0.272727272727273
"springe01",0.173489278752437,0.0428849902534113,0.00779727095516569,0.0487329434697856,0.105263157894737,0.194931773879142,0.167641325536062
"stallja01",0.0722543352601156,0.0346820809248555,0,0.0115606936416185,0.0838150289017341,0.239884393063584,0.176300578034682
"stantmi03",0.133165829145729,0.0175879396984925,0,0.0778894472361809,0.125628140703518,0.344221105527638,0.115577889447236
"stassma01",0.0960960960960961,0.036036036036036,0.003003003003003,0.027027027027027,0.114114114114114,0.336336336336336,0.114114114114114
"steersp01",0.126315789473684,0.0526315789473684,0,0.0210526315789474,0.115789473684211,0.273684210526316,0.136842105263158
"stefami01",0.0819672131147541,0.0327868852459016,0,0,0.0819672131147541,0.19672131147541,0.163934426229508
"stephty01",0.144578313253012,0.0542168674698795,0,0.036144578313253,0.072289156626506,0.283132530120482,0.228915662650602
"steveca01",0.0833333333333333,0.05,0,0,0.133333333333333,0.383333333333333,0.116666666666667
"storytr01",0.148459383753501,0.061624649859944,0,0.0448179271708683,0.0896358543417367,0.341736694677871,0.131652661064426
"stottbr01",0.135831381733021,0.0444964871194379,0.00468384074941452,0.0234192037470726,0.0843091334894614,0.208430913348946,0.161592505854801
"stoweky01",0.120879120879121,0.043956043956044,0.010989010989011,0.032967032967033,0.0549450549450549,0.318681318681319,0.164835164835165
"strawmy01",0.134579439252336,0.0411214953271028,0.00560747663551402,0,0.100934579439252,0.162616822429907,0.173831775700935
"stubbga01",0.179245283018868,0.0377358490566038,0.00943396226415094,0.0471698113207547,0.132075471698113,0.283018867924528,0.169811320754717
"suareeu01",0.139963167587477,0.0441988950276243,0.00368324125230203,0.0570902394106814,0.134438305709024,0.360957642725599,0.130755064456722
"suwinja01",0.138036809815951,0.0337423312883436,0,0.0582822085889571,0.125766871165644,0.349693251533742,0.110429447852761
"suzukku01",0.0719424460431655,0.0287769784172662,0,0.0287769784172662,0.107913669064748,0.20863309352518,0.122302158273381
"suzukse01",0.136020151133501,0.0554156171284635,0.00503778337531486,0.035264483627204,0.105793450881612,0.277078085642317,0.16624685138539
"swansda01",0.1546875,0.05,0.0015625,0.0390625,0.0765625,0.284375,0.1859375
"tapiara01",0.114355231143552,0.048661800486618,0.0072992700729927,0.0170316301703163,0.0389294403892944,0.197080291970803,0.192214111922141
"taverle01",0.124203821656051,0.0445859872611465,0.00636942675159236,0.0159235668789809,0.0668789808917197,0.280254777070064,0.194267515923567
"tayloch03",0.111940298507463,0.0621890547263682,0.00746268656716418,0.0248756218905473,0.109452736318408,0.398009950248756,0.126865671641791
"taylomi02",0.118357487922705,0.0241545893719807,0.0072463768115942,0.0217391304347826,0.0845410628019324,0.263285024154589,0.20048309178744
"tayloty01",0.131367292225201,0.0563002680965147,0.00804289544235925,0.0455764075067024,0.0589812332439678,0.273458445040214,0.123324396782842
"tellero01",0.126654064272212,0.0434782608695652,0,0.0661625708884688,0.117202268431002,0.228733459357278,0.109640831758034
"thaisma01",0.130434782608696,0.0144927536231884,0,0.0289855072463768,0.159420289855072,0.347826086956522,0.173913043478261
"thomaal01",0.118110236220472,0.0446194225721785,0.0026246719160105,0.020997375328084,0.057742782152231,0.194225721784777,0.162729658792651
"thomala02",0.124497991967871,0.0522088353413655,0.00401606425702811,0.034136546184739,0.0823293172690763,0.265060240963855,0.150602409638554
"thompbu01",0.105882352941176,0.0294117647058824,0,0.00588235294117647,0.0411764705882353,0.329411764705882,0.229411764705882
"thomptr01",0.170731707317073,0.0682926829268293,0.0048780487804878,0.0634146341463415,0.146341463414634,0.419512195121951,0.131707317073171
"toglimi01",0.0900900900900901,0.0720720720720721,0.018018018018018,0.018018018018018,0.0810810810810811,0.396396396396396,0.108108108108108
"torkesp01",0.105555555555556,0.0444444444444444,0.00277777777777778,0.0222222222222222,0.102777777777778,0.275,0.133333333333333
"toroab01",0.111111111111111,0.0401234567901235,0.00308641975308642,0.0308641975308642,0.0679012345679012,0.200617283950617,0.111111111111111
"torregl01",0.138783269961977,0.0532319391634981,0.00190114068441065,0.0456273764258555,0.0741444866920152,0.245247148288973,0.155893536121673
"torrelu01",0.0860927152317881,0.0132450331125828,0,0.0198675496688742,0.0794701986754967,0.33112582781457,0.19205298013245
"trammta01",0.147058823529412,0.0882352941176471,0,0.0392156862745098,0.127450980392157,0.323529411764706,0.0686274509803922
"trejoal01",0.127118644067797,0.0508474576271186,0,0.0338983050847458,0.0423728813559322,0.26271186440678,0.186440677966102
"trevijo01",0.116417910447761,0.0358208955223881,0.00298507462686567,0.0328358208955224,0.0447761194029851,0.185074626865672,0.176119402985075
"troutmi01",0.194063926940639,0.0639269406392694,0.0045662100456621,0.091324200913242,0.123287671232877,0.317351598173516,0.123287671232877
"tsutsyo01",0.0647058823529412,0.0235294117647059,0,0.0117647058823529,0.111764705882353,0.294117647058824,0.135294117647059
"tuckeco01",0.0476190476190476,0.0158730158730159,0.0158730158730159,0,0,0.396825396825397,0.142857142857143
"tuckeky01",0.130514705882353,0.0514705882352941,0.00183823529411765,0.0551470588235294,0.108455882352941,0.174632352941176,0.148897058823529
"turneju01",0.13034188034188,0.0769230769230769,0,0.0277777777777778,0.106837606837607,0.19017094017094,0.173076923076923
"turnetr01",0.154907975460123,0.0598159509202454,0.00613496932515337,0.0322085889570552,0.0690184049079755,0.200920245398773,0.199386503067485
"uriaslu01",0.133004926108374,0.041871921182266,0.00246305418719212,0.0394088669950739,0.123152709359606,0.24384236453202,0.155172413793103
"uriasra01",0.124069478908189,0.0421836228287841,0.00248138957816377,0.0397022332506203,0.0744416873449131,0.24317617866005,0.163771712158809
"urshegi01",0.121756487025948,0.0538922155688623,0.00598802395209581,0.0259481037924152,0.0818363273453094,0.191616766467066,0.199600798403194
"vanmejo01",0.087719298245614,0.0292397660818713,0.0116959064327485,0.0175438596491228,0.111111111111111,0.263157894736842,0.128654970760234
"vargail01",0.0806451612903226,0.0698924731182796,0,0.0161290322580645,0.0268817204301075,0.112903225806452,0.193548387096774
"varshda01",0.148775894538606,0.0433145009416196,0.00564971751412429,0.0508474576271186,0.0866290018832392,0.273069679849341,0.135593220338983
"vaughan01",0.117647058823529,0.0549019607843137,0.00196078431372549,0.0333333333333333,0.0607843137254902,0.188235294117647,0.180392156862745
"vavrate01",0.157303370786517,0.0224719101123595,0.0112359550561798,0.0112359550561798,0.134831460674157,0.213483146067416,0.213483146067416
"vazquch01",0.112244897959184,0.0680272108843537,0,0.0272108843537415,0.0612244897959184,0.173469387755102,0.187074829931973
"vazquch01",0.0769230769230769,0.0288461538461538,0,0.00961538461538462,0.0384615384615385,0.173076923076923,0.211538461538462
"velazan01",0.114906832298137,0.0248447204968944,0,0.0279503105590062,0.046583850931677,0.369565217391304,0.142857142857143
"velazne01",0.108108108108108,0.0378378378378378,0.0162162162162162,0.0324324324324324,0.102702702702703,0.351351351351351,0.118918918918919
"verdual01",0.126475548060708,0.0657672849915683,0.00168634064080944,0.0185497470489039,0.0708263069139966,0.145025295109612,0.193929173693086
"vierlma01",0.126153846153846,0.0369230769230769,0.00615384615384615,0.0184615384615385,0.0707692307692308,0.215384615384615,0.184615384615385
"villada01",0.134615384615385,0.0384615384615385,0.00641025641025641,0.0576923076923077,0.115384615384615,0.371794871794872,0.128205128205128
"villajo01",0.124183006535948,0.0392156862745098,0.0130718954248366,0.0130718954248366,0.0718954248366013,0.274509803921569,0.156862745098039
"vilorme01",0.158730158730159,0.0158730158730159,0,0.0317460317460317,0.174603174603175,0.46031746031746,0.111111111111111
"vogelda01",0.122362869198312,0.0421940928270042,0.00421940928270042,0.0506329113924051,0.168776371308017,0.282700421940928,0.130801687763713
"vogelda01",0.120805369127517,0.0604026845637584,0,0.0402684563758389,0.221476510067114,0.315436241610738,0.154362416107383
"vogtst01",0.107142857142857,0.0238095238095238,0.00595238095238095,0.0416666666666667,0.101190476190476,0.273809523809524,0.0892857142857143
"voitlu01",0.12751677852349,0.0604026845637584,0,0.0436241610738255,0.130872483221477,0.369127516778524,0.120805369127517
"voitlu01",0.0841584158415842,0.0198019801980198,0,0.0445544554455446,0.0792079207920792,0.341584158415842,0.163366336633663
"vosleja01",0.142857142857143,0.0612244897959184,0.0102040816326531,0.0408163265306122,0.102040816326531,0.295918367346939,0.153061224489796
"vottojo01",0.0962732919254658,0.0559006211180124,0.0031055900621118,0.0341614906832298,0.136645962732919,0.301242236024845,0.111801242236025
"wadela01",0.133640552995392,0.032258064516129,0.00460829493087558,0.0368663594470046,0.119815668202765,0.235023041474654,0.133640552995392
"wadety01",0.149659863945578,0.0340136054421769,0,0.00680272108843537,0.0680272108843537,0.224489795918367,0.17687074829932
"walkech02",0.144082332761578,0.0428816466552316,0.00343053173241852,0.0617495711835334,0.118353344768439,0.224699828473413,0.133790737564322
"wallnma01",0.0701754385964912,0.0526315789473684,0,0.0350877192982456,0.105263157894737,0.43859649122807,0.140350877192982
"wallsta01",0.13022113022113,0.0442260442260442,0.00491400491400491,0.0196560196560197,0.127764127764128,0.294840294840295,0.103194103194103
"walshja01",0.0969267139479905,0.0425531914893617,0.00472813238770686,0.0354609929078014,0.0638297872340425,0.326241134751773,0.132387706855792
"waltodo01",0.105263157894737,0.105263157894737,0,0.0131578947368421,0.0131578947368421,0.210526315789474,0.0394736842105263
"wardta01",0.147474747474747,0.0444444444444444,0.00404040404040404,0.0464646464646465,0.121212121212121,0.242424242424242,0.185858585858586
"waterdr01",0.145833333333333,0.0625,0.0104166666666667,0.0520833333333333,0.125,0.416666666666667,0.114583333333333
"wendljo01",0.0778097982708934,0.069164265129683,0.00288184438040346,0.00864553314121038,0.0432276657060519,0.144092219020173,0.178674351585014
"whiteel04",0.152380952380952,0.019047619047619,0,0.0285714285714286,0.104761904761905,0.39047619047619,0.152380952380952
"willilu01",0.173913043478261,0.0347826086956522,0.00869565217391304,0.00869565217391304,0.0782608695652174,0.347826086956522,0.182608695652174
"winkeje01",0.111842105263158,0.0328947368421053,0,0.0307017543859649,0.184210526315789,0.225877192982456,0.155701754385965
"wisdopa01",0.142857142857143,0.0597014925373134,0,0.0533049040511727,0.113006396588486,0.390191897654584,0.093816631130064
"wittbo02",0.138747884940778,0.0524534686971235,0.0101522842639594,0.0338409475465313,0.050761421319797,0.228426395939086,0.157360406091371
"wongko01",0.151162790697674,0.0558139534883721,0.00930232558139535,0.0348837209302326,0.106976744186047,0.204651162790698,0.151162790697674
"wynnsau01",0.0864197530864197,0.0432098765432099,0,0.0185185185185185,0.0617283950617284,0.234567901234568,0.197530864197531
"yastrmi01",0.150515463917526,0.0639175257731959,0.00412371134020619,0.0350515463917526,0.125773195876289,0.290721649484536,0.111340206185567
"yelicch01",0.172173913043478,0.0434782608695652,0.00695652173913044,0.0243478260869565,0.15304347826087,0.281739130434783,0.177391304347826
"yepezju01",0.106719367588933,0.0513833992094862,0,0.0474308300395257,0.0632411067193676,0.241106719367589,0.154150197628458
"zavalse01",0.123595505617978,0.0786516853932584,0,0.0112359550561798,0.106741573033708,0.359550561797753,0.179775280898876
"zimmebr01",0.144736842105263,0.0526315789473684,0,0.0263157894736842,0.0657894736842105,0.434210526315789,0.0263157894736842
"zuninmi01",0.0608695652173913,0.0260869565217391,0,0.0434782608695652,0.0521739130434783,0.4,0.0782608695652174
